1,google.com
2,microsoft.com
3,mail.ru
4,root-servers.net
5,facebook.com
6,dzen.ru
7,amazonaws.com
8,apple.com
9,youtube.com
10,googleapis.com
11,cloudflare.com
12,akamai.net
13,instagram.com
14,twitter.com
15,office.com
16,gstatic.com
17,akamaiedge.net
18,azure.com
19,linkedin.com
20,live.com
21,googlevideo.com
22,googletagmanager.com
23,ax-msedge.net
24,amazon.com
25,fbcdn.net
26,akadns.net
27,wikipedia.org
28,microsoftonline.com
29,tiktokcdn.com
30,workers.dev
31,doubleclick.net
32,googleusercontent.com
33,windowsupdate.com
34,t-msedge.net
35,github.com
36,trafficmanager.net
37,apple-dns.net
38,office.net
39,icloud.com
40,whatsapp.net
41,aaplimg.com
42,fastly.net
43,wordpress.org
44,skype.com
45,l-msedge.net
46,bing.com
47,dual-s-msedge.net
48,youtu.be
49,netflix.com
50,pinterest.com
51,domaincontrol.com
52,a-msedge.net
53,sharepoint.com
54,appsflyersdk.com
55,yahoo.com
56,digicert.com
57,googlesyndication.com
58,goo.gl
59,whatsapp.com
60,cloudfront.net
61,adobe.com
62,vimeo.com
63,spotify.com
64,gtld-servers.net
65,windows.net
66,roblox.com
67,tiktokv.com
68,msn.com
69,ntp.org
70,gvt2.com
71,google-analytics.com
72,bit.ly
73,gvt1.com
74,e2ro.com
75,bytefcdn-oversea.com
76,wordpress.com
77,tiktok.com
78,ytimg.com
79,cdn77.org
80,gandi.net
81,intuit.com
82,cloudflare.net
83,nic.ru
84,wac-msedge.net
85,mozilla.org
86,zoom.us
87,yandex.net
88,qq.com
89,x.com
90,office365.com
91,googleadservices.com
92,opera.com
93,blogspot.com
94,cdninstagram.com
95,msedge.net
96,edgekey.net
97,cloudflare-dns.com
98,samsung.com
99,googledomains.com
100,telekom.net
101,reddit.com
102,baidu.com
103,aiv-cdn.net
104,unity3d.com
105,a2z.com
106,snapchat.com
107,nginx.org
108,health.mil
109,rbxcdn.com
110,nginx.com
111,sentry.io
112,europa.eu
113,t.me
114,apache.org
115,app-analytics-services.com
116,outlook.com
117,amazon-adsystem.com
118,vk.com
119,wa.me
120,tiktokrow-cdn.com
121,windows.com
122,adnxs.com
123,github.io
124,edgesuite.net
125,gravatar.com
126,criteo.com
127,dropbox.com
128,ln-msedge.net
129,nih.gov
130,tumblr.com
131,app-measurement.com
132,telekom.de
133,rocket-cdn.com
134,trbcdn.net
135,userapi.com
136,dns.google
137,okcdn.ru
138,nist.gov
139,msftncsi.com
140,one.one
141,applovin.com
142,ui.com
143,t-online.de
144,macromedia.com
145,spo-msedge.net
146,nytimes.com
147,xiaomi.com
148,epicgames.com
149,paypal.com
150,archive.org
151,ggpht.com
152,lencr.org
153,forms.gle
154,tiktokcdn-us.com
155,adriver.ru
156,steamserver.net
157,myfritz.net
158,flickr.com
159,f5.com
160,cdn-apple.com
161,miit.gov.cn
162,medium.com
163,pki.goog
164,aliyuncs.com
165,dnsowl.com
166,rubiconproject.com
167,forbes.com
168,cnn.com
169,meraki.com
170,ivi.ru
171,registrar-servers.com
172,soundcloud.com
173,mangosip.ru
174,w3.org
175,discord.gg
176,theguardian.com
177,amazonvideo.com
178,wildberries.ru
179,yandex.ru
180,gmail.com
181,wsdvs.com
182,adobe.io
183,3gppnetwork.org
184,amazon.dev
185,kaspersky.com
186,miui.com
187,sciencedirect.com
188,shifen.com
189,nflxso.net
190,mts.ru
191,android.com
192,t.co
193,taobao.com
194,doubleverify.com
195,azurewebsites.net
196,ozon.ru
197,linkos.bg
198,demdex.net
199,s-msedge.net
200,casalemedia.com
201,taboola.com
202,creativecommons.org
203,twitch.tv
204,akamaihd.net
205,akamaized.net
206,bbc.co.uk
207,capcutapi.com
208,bbc.com
209,slack.com
210,webex.com
211,sourceforge.net
212,ebay.com
213,edgecdn.ru
214,b-cdn.net
215,roku.com
216,cedexis.net
217,vungle.com
218,msftconnecttest.com
219,comcast.net
220,mit.edu
221,jomodns.com
222,ttlivecdn.com
223,pubmatic.com
224,withgoogle.com
225,scorecardresearch.com
226,example.com
227,b-msedge.net
228,omtrdc.net
229,imdb.com
230,salesforce.com
231,ubuntu.com
232,googleblog.com
233,researchgate.net
234,cisco.com
235,oracle.com
236,ksyuncdn.com
237,pv-cdn.net
238,qlivecdn.com
239,wikimedia.org
240,netangels.ru
241,openai.com
242,linktr.ee
243,canva.com
244,who.int
245,azurefd.net
246,shopify.com
247,doi.org
248,mzstatic.com
249,my.com
250,youtube-nocookie.com
251,discord.com
252,hubspot.com
253,wixsite.com
254,byteoversea.net
255,crashlytics.com
256,tinyurl.com
257,cdngslb.com
258,facebook.net
259,nvidia.com
260,hp.com
261,nr-data.net
262,ttdns2.com
263,t-mobile.com
264,amazon.co.uk
265,launchdarkly.com
266,tradingview.com
267,ampproject.org
268,opendns.com
269,issuu.com
270,openx.net
271,2mdn.net
272,vedcdnlb.com
273,mtgglobals.com
274,avast.com
275,tiktokv.us
276,launchpad.net
277,samsungcloud.com
278,drom.ru
279,nasa.gov
280,cpanel.net
281,reg.ru
282,stripe.com
283,harvard.edu
284,chatgpt.com
285,google.com.br
286,alibabadns.com
287,php.net
288,ripn.net
289,adsrvr.org
290,3lift.com
291,safebrowsing.apple
292,reuters.com
293,www.gov.uk
294,steampowered.com
295,cdc.gov
296,weebly.com
297,go.com
298,static.microsoft
299,samsungqbe.com
300,arubanetworks.com
301,ibm.com
302,espn.com
303,netflix.net
304,ttvnw.net
305,washingtonpost.com
306,wiley.com
307,dailymail.co.uk
308,appsflyer.com
309,1c.ru
310,dailymotion.com
311,spov-msedge.net
312,bidswitch.net
313,sharethrough.com
314,jsdelivr.net
315,tds.net
316,slideshare.net
317,playstation.net
318,appcenter.ms
319,forter.com
320,branch.io
321,godaddy.com
322,fastly-edge.com
323,worldfcdn2.com
324,ea.com
325,weather.com
326,wsj.com
327,cnbc.com
328,nature.com
329,shalltry.com
330,alibaba.com
331,inmobi.com
332,googletagservices.com
333,debian.org
334,booking.com
335,moe.video
336,smartadserver.com
337,outbrain.com
338,media-amazon.com
339,bloomberg.com
340,cdn20.com
341,dnsmadeeasy.com
342,adtrafficquality.google
343,weibo.com
344,adsafeprotected.com
345,allawnos.com
346,pages.dev
347,mi.com
348,crpt.ru
349,samsungcloudsolution.com
350,alicdn.com
351,springer.com
352,etsy.com
353,azureedge.net
354,nease.net
355,akam.net
356,mikrotik.com
357,un.org
358,gnu.org
359,checkpoint.com
360,cloud.microsoft
361,wbx2.com
362,rutube.ru
363,douyincdn.com
364,pangle.io
365,stackoverflow.com
366,xcal.tv
367,heytapmobile.com
368,liadm.com
369,zendesk.com
370,clarity.ms
371,wp.com
372,gosuslugi.ru
373,mcafee.com
374,pixabay.com
375,google.de
376,ring.com
377,stanford.edu
378,mynetname.net
379,creativecdn.com
380,salesforceliveagent.com
381,sc-cdn.net
382,heytapdl.com
383,goskope.com
384,huawei.com
385,businessinsider.com
386,consultant.ru
387,yximgs.com
388,inner-active.mobi
389,list-manage.com
390,kaspersky-labs.com
391,dell.com
392,vkuser.net
393,bytefcdn-ttpeu.com
394,independent.co.uk
395,cmediahub.ru
396,unsplash.com
397,deepintent.com
398,walmart.com
399,indeed.com
400,xboxlive.com
401,autodesk.com
402,tp-link.com
403,id5-sync.com
404,xhamster.com
405,ibyteimg.com
406,foxnews.com
407,notamedia.ru
408,tiktokcdn-eu.com
409,aliexpress.com
410,nstld.com
411,gcdn.co
412,hichina.com
413,amazonalexa.com
414,online-metrix.net
415,quora.com
416,indexww.com
417,ys7.com
418,grammarly.com
419,google.co.uk
420,bilibili.com
421,eventbrite.com
422,temu.com
423,mozilla.com
424,duckduckgo.com
425,ok.ru
426,naver.com
427,statista.com
428,npr.org
429,globo.com
430,force.com
431,duckdns.org
432,rambler.ru
433,aol.com
434,imcmdb.net
435,sohu.com
436,dnspod.net
437,goodreads.com
438,sfx.ms
439,telegram.org
440,ngenix.net
441,avcdn.net
442,amazon.de
443,duolingo.com
444,firetvcaptiveportal.com
445,kwai-pro.com
446,gamepass.com
447,nel.goog
448,imgsmail.ru
449,teamviewer.com
450,timeweb.ru
451,elasticbeanstalk.com
452,giphy.com
453,intel.com
454,yahoo.co.jp
455,wired.com
456,g.page
457,ipv4only.arpa
458,time.com
459,nflximg.com
460,telegram.me
461,behance.net
462,att.net
463,360yield.com
464,yandex.com
465,mega.co.nz
466,mediatek.com
467,sc-gw.com
468,usatoday.com
469,myhuaweicloud.com
470,uber.com
471,gitlab.com
472,sophos.com
473,att.com
474,beian.gov.cn
475,speedtest.net
476,entrust.net
477,addtoany.com
478,kwai.net
479,calendly.com
480,netease.com
481,eset.com
482,avsxappcaptiveportal.com
483,paloaltonetworks.com
484,hicloud.com
485,dns-parking.com
486,telegraph.co.uk
487,ft.com
488,mysql.com
489,amzn.to
490,scribd.com
491,mayoclinic.org
492,indiatimes.com
493,myshopify.com
494,wix.com
495,cnet.com
496,aliyun.com
497,ietf.org
498,rlcdn.com
499,google.com.hk
500,shein.com
501,uol.com.br
502,vtwenty.com
503,vkontakte.ru
504,apnews.com
505,deviantart.com
506,cdnbuild.net
507,name-services.com
508,trendmicro.com
509,adobe.net
510,berkeley.edu
511,nypost.com
512,virtualearth.net
513,media.net
514,tencent-cloud.net
515,verisign.com
516,surveymonkey.com
517,discord.media
518,imgur.com
519,ctdns.cn
520,blogger.com
521,cornell.edu
522,target.com
523,icloud-content.com
524,squarespace.com
525,google.ca
526,patreon.com
527,msidentity.com
528,steamcommunity.com
529,rackspace.net
530,ted.com
531,plesk.com
532,visualstudio.com
533,ovscdns.com
534,google.fr
535,fast.com
536,deepl.com
537,ezvizlife.com
538,nflxvideo.net
539,docker.com
540,yahoodns.net
541,hotjar.com
542,awswaf.com
543,britannica.com
544,marriott.com
545,sentinelone.net
546,jquery.com
547,worldnic.com
548,rt.ru
549,rakuten.co.jp
550,oraclecloud.com
551,googlezip.net
552,buzzfeed.com
553,onetrust.com
554,atomile.com
555,ca.gov
556,telephony.goog
557,loc.gov
558,conviva.com
559,oup.com
560,spaceweb.pro
561,google.co.jp
562,tripadvisor.com
563,okta.com
564,amplitude.com
565,hostgator.com
566,myqcloud.com
567,braze.com
568,svc.ms
569,wb.ru
570,ups.com
571,tandfonline.com
572,amazon.co.jp
573,playstation.com
574,xiaomi.net
575,cbsnews.com
576,merriam-webster.com
577,yieldmo.com
578,easebar.com
579,mailchimp.com
580,chinamobile.com
581,cookiedatabase.org
582,licdn.com
583,line.me
584,rackspace.com
585,amazontrust.com
586,free.fr
587,ikea.com
588,accuweather.com
589,videosrc.net
590,shutterstock.com
591,cqloud.com
592,erome.com
593,atlassian.com
594,qualtrics.com
595,trustpilot.com
596,impervadns.net
597,lijit.com
598,wattpad.com
599,nike.com
600,samsungapps.com
601,irs.gov
602,cookielaw.org
603,bamgrid.com
604,bdydns.com
605,smaato.net
606,aboutads.info
607,livejournal.com
608,bitrix24.ru
609,newrelic.com
610,mozgcp.net
611,yelp.com
612,163.com
613,optimizely.com
614,sberbank.ru
615,sina.com.cn
616,agkn.com
617,techcrunch.com
618,threads.net
619,quantserve.com
620,fandom.com
621,360safe.com
622,live.net
623,google.co.in
624,fontawesome.com
625,shopee.com.br
626,twimg.com
627,anydesk.com
628,noaa.gov
629,rzone.de
630,ieee.org
631,tapad.com
632,stackadapt.com
633,byteglb.com
634,google.es
635,grammarly.io
636,dotomi.com
637,mobile.de
638,typekit.net
639,delfi.lt
640,w3schools.com
641,browser-intake-datadoghq.com
642,herokudns.com
643,usgovcloudapi.net
644,aws.dev
645,vecdnlb.com
646,pinimg.com
647,elpais.com
648,samsungacr.com
649,crwdcntrl.net
650,ovscdns.net
651,google.it
652,fb.com
653,e-msedge.net
654,maricopa.gov
655,klaviyo.com
656,pendo.io
657,theverge.com
658,myspace.com
659,adobedtm.com
660,coinmarketcap.com
661,dynatrace.com
662,amazon.ca
663,ipify.org
664,intercom.io
665,brave.com
666,cambridge.org
667,xvideos.com
668,quickconnect.to
669,vidaahub.com
670,box.com
671,jotform.com
672,latimes.com
673,redhat.com
674,bestbuy.com
675,warnerbros.com
676,bidr.io
677,investopedia.com
678,amazon.fr
679,dbankcloud.com
680,service.gov.uk
681,amazon.in
682,cdnhwc2.com
683,avito.ru
684,prnewswire.com
685,footprintdns.com
686,vivoglobal.com
687,cdnvideo.ru
688,cox.net
689,contentsquare.net
690,imrworldwide.com
691,nbcnews.com
692,newsweek.com
693,unesco.org
694,33across.com
695,azure-dns.com
696,1rx.io
697,live-video.net
698,washington.edu
699,webmd.com
700,awsglobalaccelerator.com
701,bidmachine.io
702,pvp.net
703,sagepub.com
704,ks-cdn.com
705,gumgum.com
706,wyzecam.com
707,bugsnag.com
708,criteo.net
709,disqus.com
710,homedepot.com
711,yellowblue.io
712,rspamd.com
713,comcast.com
714,mediafire.com
715,herokuapp.com
716,everesttech.net
717,hbr.org
718,cloudflareinsights.com
719,mgts.ru
720,airbnb.com
721,sapo.pt
722,shopee.co.id
723,lemonde.fr
724,zemanta.com
725,adform.net
726,miwifi.com
727,isappcloud.com
728,people.com
729,binance.com
730,usda.gov
731,turn.com
732,appspot.com
733,ya.ru
734,tbcache.com
735,mixpanel.com
736,attn.tv
737,hihonorcloud.com
738,fda.gov
739,contextweb.com
740,pccc.com
741,healthline.com
742,nic.do
743,rbc.ru
744,vivo.com.cn
745,clever.com
746,fiverr.com
747,wbbasket.ru
748,incapdns.net
749,typeform.com
750,discordapp.com
751,digitalocean.com
752,nikkei.com
753,zillow.com
754,cdnhwc1.com
755,themeforest.net
756,a-mo.net
757,gdemoideti.ru
758,heylink.me
759,iso.org
760,theatlantic.com
761,gccdn.net
762,exp-tas.com
763,usps.com
764,githubusercontent.com
765,datadoghq.com
766,perfectdomain.com
767,google.cn
768,amazon.it
769,steamstatic.com
770,immedia-semi.com
771,nationalgeographic.com
772,bandcamp.com
773,me.com
774,viber.com
775,tremorhub.com
776,360.cn
777,protek.ru
778,change.org
779,onlyfans.com
780,name.com
781,pbs.org
782,kargo.com
783,xbox.com
784,ssl-images-amazon.com
785,dbankcloud.cn
786,princeton.edu
787,twilio.com
788,liftoff.io
789,volcfcdndvs.com
790,allaboutcookies.org
791,sportradar.com
792,life360.com
793,recaptcha.net
794,scdn.co
795,upwork.com
796,substack.com
797,2gis.com
798,mgid.com
799,nest.com
800,istockphoto.com
801,unrulymedia.com
802,academia.edu
803,scene7.com
804,ohthree.com
805,news.com.au
806,linode.com
807,go-mpulse.net
808,zoho.com
809,google.pl
810,arxiv.org
811,markmonitor.com
812,lgtvcommon.com
813,huffingtonpost.com
814,whitehouse.gov
815,teads.tv
816,allegro.pl
817,firebaseio.com
818,lenovo.com
819,adobedc.net
820,amazon.es
821,lefigaro.fr
822,omnitagjs.com
823,fbsbx.com
824,networkadvertising.org
825,primevideo.com
826,adjust.com
827,riotgames.com
828,stickyadstv.com
829,mailchi.mp
830,unpkg.com
831,flashtalking.com
832,otto.de
833,alidns.com
834,hindustantimes.com
835,onetag-sys.com
836,bitdefender.com
837,spotifycdn.com
838,azure-devices.net
839,bluehost.com
840,globalsign.com
841,bild.de
842,fb-t-msedge.net
843,pornhub.com
844,tplinkcloud.com
845,gandi-ns.fr
846,mdpi.com
847,worldbank.org
848,coingecko.com
849,ameblo.jp
850,google.com.tr
851,bytefcdn.com
852,google.com.mx
853,epa.gov
854,genius.com
855,shopeemobile.com
856,atlassian.net
857,dnsv1.com
858,apigee.net
859,spamhaus.org
860,ebay.co.uk
861,bankofamerica.com
862,state.gov
863,bsky.app
864,mozilla.net
865,tencent.com
866,kickstarter.com
867,cloudns.net
868,netgear.com
869,cloudsink.net
870,amazon.com.br
871,xerox.com
872,kick.com
873,mckinsey.com
874,discogs.com
875,tiktokv.eu
876,aiv-delivery.net
877,g.co
878,dbankcloud.ru
879,chess.com
880,biblegateway.com
881,realtor.com
882,freepik.com
883,daum.net
884,skyhigh.cloud
885,wp.pl
886,classlink.com
887,seznam.cz
888,arcgis.com
889,smartthings.com
890,huffpost.com
891,firefox.com
892,instructure.com
893,lowes.com
894,tplinknbu.com
895,synology.com
896,va.gov
897,adblockplus.org
898,samsungosp.com
899,capcut.com
900,byteoversea.com
901,ad.gt
902,chaturbate.com
903,mirtesen.ru
904,utorrent.com
905,kohls.com
906,mlb.com
907,hm.com
908,adgrx.com
909,readthedocs.io
910,heytapmobi.com
911,innovid.com
912,ubnt.com
913,dribbble.com
914,badoo.com
915,repubblica.it
916,onesignal.com
917,vkuseraudio.net
918,redd.it
919,microsoftapp.net
920,docker.io
921,openstreetmap.org
922,pikabu.ru
923,mosspf.com
924,pexels.com
925,columbia.edu
926,pandora.com
927,ozone.ru
928,ip-api.com
929,curseforge.com
930,samsungcloudsolution.net
931,character.ai
932,hilton.com
933,python.org
934,queniuaa.com
935,onet.pl
936,umeng.com
937,costco.com
938,poshvine.com
939,weforum.org
940,kaspi.kz
941,microsoftpersonalcontent.com
942,xfinity.com
943,chartbeat.net
944,corriere.it
945,ryanair.com
946,alphonso.tv
947,ubi.com
948,nexusmods.com
949,cloudinary.com
950,xnxx.com
951,eporner.com
952,ebay.de
953,kunluncan.com
954,elmundo.es
955,mercadolivre.com.br
956,deloitte.com
957,ancestry.com
958,betweendigital.com
959,rapid7.com
960,wswebcdn.com
961,agoda.com
962,caixa.gov.br
963,mercadolibre.com.ar
964,1drv.com
965,quizlet.com
966,mongodb.com
967,apple.news
968,figma.com
969,cbc.ca
970,beget.com
971,segment.io
972,usnews.com
973,redfin.com
974,youku.com
975,umich.edu
976,francetvinfo.fr
977,dyndns.org
978,www.gov.br
979,ria.ru
980,pixiv.net
981,amazon.com.mx
982,macys.com
983,onedrive.com
984,jetbrains.com
985,instabug.com
986,no-ip.com
987,fortune.com
988,geeksforgeeks.org
989,4dex.io
990,theconversation.com
991,nintendo.net
992,economist.com
993,asu.edu
994,wikihow.com
995,agora.io
996,presage.io
997,lavanguardia.com
998,freefiremobile.com
999,yandexcloud.net
1000,gihc.net
1001,kwcdn.com
1002,hackaday.com
1003,cloudapp.net
1004,split.io
1005,statcounter.com
1006,marca.com
1007,pusher.com
1008,tagesschau.de
1009,flipkart.com
1010,leparisien.fr
1011,surfshark.com
1012,olx.com.br
1013,msftauth.net
1014,xing.com
1015,166.com
1016,alipaydns.com
1017,stripchat.com
1018,ecosia.org
1019,he.net
1020,epicgames.dev
1021,interia.pl
1022,code.org
1023,samsungelectronics.com
1024,hotstar.com
1025,screenrant.com
1026,algolia.net
1027,sportskeeda.com
1028,metamask.io
1029,infobae.com
1030,sportybet.com
1031,note.com
1032,btloader.com
1033,goal.com
1034,bol.com
1035,gsmarena.com
1036,asus.com
1037,as.com
1038,ouest-france.fr
1039,businesswire.com
1040,moneycontrol.com
1041,exelator.com
1042,terra.com.br
1043,company-target.com
1044,jstor.org
1045,psychologytoday.com
1046,frontiersin.org
1047,ilovepdf.com
1048,intentiq.com
1049,idnes.cz
1050,abovedomains.com
1051,fbpigeon.com
1052,igamecj.com
1053,xhamster.desi
1054,hath.network
1055,docomo.ne.jp
1056,coupang.com
1057,lgtvsdp.com
1058,goo.ne.jp
1059,quizizz.com
1060,youronlinechoices.com
1061,app-analytics-services-att.com
1062,sgsnssdk.com
1063,ddns.net
1064,afternic.com
1065,mgslb.com
1066,service-now.com
1067,sascdn.com
1068,meethue.com
1069,trendyol.com
1070,dreamhost.com
1071,samsungcloud.tv
1072,poki.com
1073,rayjump.com
1074,alp.ru
1075,letterboxd.com
1076,ipredictive.com
1077,sonobi.com
1078,tsyndicate.com
1079,ucla.edu
1080,finn.no
1081,wikipedia.com
1082,google.ru
1083,aparat.com
1084,coursera.org
1085,nelreports.net
1086,msecnd.net
1087,nubank.com.br
1088,apa.org
1089,cspserver.net
1090,jimdo.com
1091,vivo.com
1092,ameba.jp
1093,xhcdn.com
1094,sahibinden.com
1095,gofundme.com
1096,ibytedtos.com
1097,n-tv.de
1098,adobestats.io
1099,yale.edu
1100,kleinanzeigen.de
1101,tnaflix.com
1102,garmin.com
1103,nic.media
1104,apkpure.com
1105,kwaipros.com
1106,yimg.com
1107,clarin.com
1108,leboncoin.fr
1109,uchi.ru
1110,jamfcloud.com
1111,bitdefender.net
1112,livedoor.jp
1113,i18n-pglstatp.com
1114,20minutos.es
1115,abc.net.au
1116,elespanol.com
1117,lanacion.com.ar
1118,spankbang.com
1119,tendawifi.com
1120,wise.com
1121,upenn.edu
1122,ioam.de
1123,tesla.com
1124,statuspage.io
1125,fb.me
1126,tinkoff.ru
1127,archiveofourown.org
1128,psu.edu
1129,youporn.com
1130,nintendo.com
1131,mtu.ru
1132,india.com
1133,gismeteo.ru
1134,dafont.com
1135,aftonbladet.se
1136,flashscore.com
1137,rfihub.com
1138,hepsiburada.com
1139,tcylgslb.com
1140,zenecn.net
1141,biomedcentral.com
1142,roskazna.ru
1143,hltv.org
1144,akamaitechnologies.com
1145,ad.nl
1146,ox.ac.uk
1147,udn.com
1148,plos.org
1149,hurriyet.com.tr
1150,dmm.co.jp
1151,doppiocdn.com
1152,tubi.io
1153,rule34.xxx
1154,playrix.com
1155,vmware.com
1156,pornpics.com
1157,nhentai.net
1158,olx.pl
1159,mmechocaptiveportal.com
1160,hugedomains.com
1161,yandexadexchange.net
1162,express.co.uk
1163,susercontent.com
1164,jw.org
1165,nu.nl
1166,newyorker.com
1167,akismet.com
1168,blooket.com
1169,pluto.tv
1170,mailinabox.email
1171,notion.so
1172,faphouse.com
1173,douyinliving.com
1174,bunnyinfra.net
1175,ixl.com
1176,webrootcloudav.com
1177,boyfriendtv.com
1178,vg.no
1179,vnexpress.net
1180,smi2.net
1181,tabelog.com
1182,remove.bg
1183,furaffinity.net
1184,disneyplus.com
1185,wps.com
1186,lichess.org
1187,pravda.ru
1188,espressif.com
1189,bet365.com
1190,espncricinfo.com
1191,yandex.by
1192,dropboxapi.com
1193,mythad.com
1194,tiktokeu-cdn.com
1195,rightmove.co.uk
1196,megafon.ru
1197,kwimgs.com
1198,cookpad.com
1199,ynet.co.il
1200,wcdnga.com
1201,isnssdk.com
1202,starmakerstudios.com
1203,magazineluiza.com.br
1204,itmedia.co.jp
1205,mundodeportivo.com
1206,gtm-a2b2.com
1207,digikala.com
1208,cricbuzz.com
1209,mercadolibre.com.mx
1210,lwsdns.com
1211,acesso.gov.br
1212,xhscdn.com
1213,ixbt.com
1214,churnzero.net
1215,divar.ir
1216,gazzetta.it
1217,beeline.ru
1218,studocu.com
1219,umbrella.com
1220,bytedns1.com
1221,hostgator.com.br
1222,stikroltiltoowi.net
1223,domainmarket.com
1224,deezer.com
1225,redtube.com
1226,livedoor.com
1227,janitorai.com
1228,russianpost.ru
1229,tgju.org
1230,zdnet.com
1231,txnhh.com
1232,cnnbrasil.com.br
1233,fanfiction.net
1234,wisc.edu
1235,indiamart.com
1236,servicepipe.ru
1237,hln.be
1238,trustarc.com
1239,fdown.net
1240,ertelecom.ru
1241,myntra.com
1242,milliyet.com.tr
1243,unmsapp.com
1244,ovh.net
1245,whecloud.com
1246,samsungconsent.com
1247,dhl.com
1248,beget.ru
1249,livescore.com
1250,zhihu.com
1251,tabor.ru
1252,ttoverseaus.net
1253,adsco.re
1254,idealista.com
1255,bmj.com
1256,fr.de
1257,xhamster2.com
1258,dns-shop.ru
1259,umn.edu
1260,calculator.net
1261,esxdos.org
1262,hulu.com
1263,fedex.com
1264,xvv1deos.com
1265,constantcontact.com
1266,vice.com
1267,fetlife.com
1268,ladepeche.fr
1269,4chan.org
1270,avira.com
1271,varzesh3.com
1272,ebay.it
1273,marktplaats.nl
1274,eepurl.com
1275,uci.edu
1276,wordwall.net
1277,mbga.jp
1278,makemytrip.com
1279,excite.co.jp
1280,xnxx.tv
1281,kakaku.com
1282,merkur.de
1283,mosmedzdrav.ru
1284,actu.fr
1285,deltaork.com
1286,riotcdn.net
1287,noodlemagazine.com
1288,business.site
1289,coolmathgames.com
1290,donmai.us
1291,marketwatch.com
1292,oneindia.com
1293,snackvideo.in
1294,amazon.eg
1295,bilibili.tv
1296,phncdn.com
1297,onelink.me
1298,singular.net
1299,namu.wiki
1300,meesho.com
1301,autotrader.co.uk
1302,videy.co
1303,tvn24.pl
1304,xnxx-cdn.com
1305,blizzard.com
1306,cdnbasket.net
1307,futbin.com
1308,nba.com
1309,hotpepper.jp
1310,cdiscount.com
1311,dlsite.com
1312,jusbrasil.com.br
1313,metropoles.com
1314,youjizz.com
1315,fidelity.com
1316,thisvid.com
1317,mydramalist.com
1318,dcinside.com
1319,nesine.com
1320,jut.su
1321,hitomi.la
1322,vtb.ru
1323,aternos.org
1324,ilmessaggero.it
1325,litnet.com
1326,russianfood.com
1327,subito.it
1328,cardgames.io
1329,justdial.com
1330,gamer.com.tw
1331,dantri.com.vn
1332,starfall.com
1333,edna.ru
1334,unifi-ai.com
1335,motherless.com
1336,funpay.com
1337,mangabuff.ru
1338,torob.com
1339,turkiye.gov.tr
1340,capitalonegslbex.com
1341,novinky.cz
1342,cloudflareclient.com
1343,xhopen.com
1344,imhentai.xxx
1345,ixxx.com
1346,supercell.com
1347,xhamster19.com
1348,sun.com
1349,asuracomic.net
1350,ntppool.org
1351,haberler.com
1352,jalan.net
1353,e-hentai.org
1354,dagbladet.no
1355,rule34video.com
1356,xiaohongshu.com
1357,naukri.com
1358,24h.com.vn
1359,jagran.com
1360,expedia.com
1361,xhamster43.desi
1362,missav.ws
1363,dw.com
1364,emag.ro
1365,xxxbp.tv
1366,hianime.to
1367,gelbooru.com
1368,sozcu.com.tr
1369,jable.tv
1370,fanpage.it
1371,xhaccess.com
1372,sexvid.xxx
1373,auone.jp
1374,superporn.com
1375,digitaloceanspaces.com
1376,ap4r.com
1377,drweb.com
1378,index.hr
1379,xvideos-cdn.com
1380,pornhub.org
1381,rings.solutions
1382,xhwide5.com
1383,18comic.vip
1384,inps.it
1385,letsencrypt.org
1386,welt.de
1387,e621.net
1388,brdbuxte.com
1389,tenki.jp
1390,tsn.ua
1391,wac-dc-msedge.net
1392,amagi.tv
1393,jagranjosh.com
1394,hollywoodbets.net
1395,hanime1.me
1396,xnxx.es
1397,xnxx-arabic.com
1398,fmkorea.com
1399,cronista.com
1400,zozo.jp
1401,fatalmodel.com
1402,ilmeteo.it
1403,xhamster3.com
1404,trello.com
1405,boardgamearena.com
1406,syosetu.com
1407,iporntv.net
1408,carsensor.net
1409,imagefap.com
1410,pewresearch.org
1411,xhamster1.desi
1412,iltalehti.fi
1413,protothema.gr
1414,starbucks.com
1415,idealista.it
1416,nic.io
1417,run.app
1418,uidai.gov.in
1419,youm7.com
1420,dkitrxmdwoqruvsi.net
1421,typing.com
1422,1mg.com
1423,eltiempo.es
1424,jutarnji.hr
1425,otomoto.pl
1426,blic.rs
1427,xnxx.health
1428,kooora.com
1429,fuq.com
1430,bookmyshow.com
1431,ficbook.net
1432,tori.fi
1433,gst.gov.in
1434,bato.to
1435,cdnhwc3.com
1436,xhamster.best
1437,ekstrabladet.dk
1438,game8.jp
1439,zpath.net
1440,tokyomotion.net
1441,mediaexpert.pl
1442,pornhat.com
1443,betway.co.za
1444,camelopardalisbee.com
1445,namasha.com
1446,sxyprn.com
1447,meituan.com
1448,ssstik.io
1449,cmoa.jp
1450,mat6tube.com
1451,immunet.com
1452,snaptik.app
1453,suumo.jp
1454,cloud.com
1455,luxuretv.com
1456,coinsmart.com
1457,gamewith.jp
1458,fapello.com
1459,happymod.com
1460,3bmeteo.com
1461,sendgrid.net
1462,shahvani.com
1463,oecd.org
1464,adnxs.net
1465,myreadingmanga.info
1466,eenadu.net
1467,manoramaonline.com
1468,xvideos2.com
1469,inven.co.kr
1470,rackspaceclouddb.com
1471,xbato.com
1472,hdtube.porn
1473,almasryalyoum.com
1474,filmweb.pl
1475,programme-tv.net
1476,coinbase.com
1477,fastcompany.com
1478,mangago.me
1479,mangabuddy.com
1480,leroymerlin.fr
1481,ui-dns.com
1482,pussyspace.com
1483,aniwatchtv.to
1484,zearn.org
1485,typepad.com
1486,porn300.com
1487,secureserver.net
1488,prokerala.com
1489,sitescout.com
1490,missav.ai
1491,rakuten-sec.co.jp
1492,fantia.jp
1493,ptt.cc
1494,sex-studentki.pub
1495,tycsports.com
1496,kompoz2.com
1497,toyhou.se
1498,inxxx.com
1499,xvideos.es
1500,jav.guru
1501,bt.dk
1502,cityheaven.net
1503,marmiton.org
1504,serviporno.com
1505,uisp.com
1506,exhentai.org
1507,postgresql.org
1508,komiku.id
1509,librus.pl
1510,123av.com
1511,banvenez.com
1512,supjav.com
1513,case-battle.at
1514,fb.watch
1515,jd.com
1516,lausd.net
1517,ifilo.net
1518,fastdl.app
1519,listcrawler.eu
1520,nitrotype.com
1521,sidrachain.com
1522,ninisite.com
1523,sweb.ru
1524,kontur.ru
1525,adguard-vpn.online
1526,caelumbee.co.uk
1527,hot-sex-tube.com
1528,redwap.sex
1529,qorno.com
1530,missav123.com
1531,sexvid.pro
1532,blockdh100c.co
1533,znanija.com
1534,wnacg.com
1535,livehindustan.com
1536,livescore.in
1537,doujindesu.tv
1538,tktube.com
1539,mechacomic.jp
1540,here.com
1541,property24.com
1542,caliente.mx
1543,mashable.com
1544,taktube.net
1545,pornocarioca.com
1546,casinoplus.com.ph
1547,googleapis.cn
1548,meetup.com
1549,kidsa-z.com
1550,porno365.bike
1551,playfabapi.com
1552,luticlip.com
1553,sexlog.com
1554,blockdh100b.net
1555,sexalarab.com
1556,onlinesbi.sbi
1557,njuskalo.hr
1558,gartner.com
1559,ruliweb.com
1560,xvideos-ar.com
1561,aniview.com
1562,aajtak.in
1563,epfindia.gov.in
1564,armgs.team
1565,tvonenews.com
1566,gdz.ru
1567,croxyproxy.com
1568,beboo.ru
1569,moviebox.ng
1570,medicalnewstoday.com
1571,freeip.me
1572,joyclub.de
1573,ppomppu.co.kr
1574,tabletki.ua
1575,skokka.com
1576,forebet.com
1577,battwo.com
1578,www.gob.mx
1579,nefisyemektarifleri.com
1580,skipthegames.com
1581,wto.to
1582,pussyboy.net
1583,mto.to
1584,an1.com
1585,tjk.org
1586,mangatoto.com
1587,goojara.to
1588,sciencedaily.com
1589,xosodaiphat.com
1590,hochi.news
1591,typekit.com
1592,arbada.com
1593,netkeiba.com
1594,porno666.win
1595,saednews.com
1596,theqoo.net
1597,trilltrill.jp
1598,fabswingers.com
1599,patria.org.ve
1600,imgsrc.ru
1601,chordtela.com
1602,novelbin.com
1603,igodigital.com
1604,emaktab.uz
1605,wikitree.co.kr
1606,kakuyomu.jp
1607,oreilly.com
1608,piccoma.com
1609,komiku.one
1610,playtime.ph
1611,indiansexstories2.net
1612,fanmtl.com
1613,y2mate.nu
1614,ladies.de
1615,trahkino.pro
1616,manhwaclan.com
1617,elsevier.com
1618,syosetu.org
1619,bikewale.com
1620,adrta.com
1621,52shuku.vip
1622,googll.store
1623,xoso.com.vn
1624,mamastar.jp
1625,spaggiari.eu
1626,lekmanga.net
1627,arca.live
1628,librefutbol.su
1629,skelbiu.lt
1630,bazos.sk
1631,xpaja.net
1632,apornvideo.com
1633,screener.in
1634,69yuedu.net
1635,anoboy.app
1636,olimpbet.kz
1637,zonatmo.com
1638,list.am
1639,shahrekhabar.com
1640,betika.com
1641,czbooks.net
1642,vista.ir
1643,goal4.co
1644,rexporn.sex
1645,nosv.org
1646,ss.com
1647,promiedos.com.ar
1648,sexemodel.com
1649,ecnavi.jp
1650,eroterest.net
1651,nz.ua
1652,hibiny.ru
1653,zbporn.tv
1654,lectormangaa.com
1655,pornhat.one
1656,xnxx3.com
1657,gree-apps.net
1658,justindianporn.info
1659,truyenqqto.com
1660,arabsex.to
1661,nettruyenvie.com
1662,arabx.cam
1663,flashscore.pl
1664,snapinst.app
1665,datadome.co
1666,onlyindianx.cc
1667,tmohentai.com
1668,fabguys.com
1669,betpawa.ug
1670,grapee.jp
1671,letras.mus.br
1672,xxx18hot.com
1673,livechatinc.com
1674,yallakora.com
1675,kamababa.desi
1676,desitales2.com
1677,musicza.co.za
1678,bpexch.com
1679,keplr.app
1680,betking.com
1681,jaya9.app
1682,scan-manga.com
1683,fsiblog3.club
1684,autoplius.lt
1685,okxxx2.com
1686,bakecaincontrii.com
1687,salonboard.com
1688,humoruniv.com
1689,betpawa.co.tz
1690,ojogodobicho.com
1691,momon-ga.com
1692,anwap.today
1693,escortbabylon.net
1694,thscore.mobi
1695,publi24.ro
1696,conectate.com.do
1697,jra.go.jp
1698,gekso.xyz
1699,krikya.io
1700,sarkariresult.com
1701,xxxhindi.to
1702,diretta.it
1703,bitrixphone.com
1704,sex-arabi.co
1705,xhprofiles.world
1706,jra.jp
1707,clip2vip.com
1708,sciencemag.org
1709,tuazar.com
1710,vietjack.com
1711,girlschannel.net
1712,tamildhool.net
1713,ibomma.day
1714,escort.club
1715,123-hd.com
1716,dogdrip.net
1717,dto.jp
1718,mangatoto.org
1719,shaalaa.com
1720,enabiz.gov.tr
1721,kkstories.com
1722,flashscore.mobi
1723,flashscore.fr
1724,fc2.com
1725,flashscore.com.ve
1726,pmkisan.gov.in
1727,bakusai.com
1728,oddspark.com
1729,admin.ch
1730,turbo.az
1731,xxxbfvideos.to
1732,apple-cloudkit.com
1733,rezultati.com
1734,gimy.ai
1735,wannonce.com
1736,iana.org
1737,ganamos.co
1738,yako.gg
1739,xn--l3cg7a8a0cwa3f.com
1740,animanch.com
1741,mingky.net
1742,annunci69.it
1743,gree-pf.net
1744,porno18.site
1745,livescore.cz
1746,freesexkahani.com
1747,tjsp.jus.br
1748,com.se
1749,xvideosporno.blog.br
1750,satta-king-fast.com
1751,bhojpurisex.site
1752,playinmatch.com
1753,staseraintv.com
1754,lotterysambadresult.in
1755,funinexchange.com
1756,in3x.net
1757,desitelugusex.com
1758,dpbossss.services
1759,sattamatkachart.in
1760,bappam.pw
1761,hpeprint.com
1762,satta-king-fixed-no.in
1763,kolkataff.in
1764,onlar.az
1765,sattamatkano1.me
1766,allyonostore.com
1767,spboss.in
1768,mnregaweb4.nic.in
1769,nregastrep.nic.in
1770,mwbsys.com
1771,amazon.com.au
1772,nps.gov
1773,google.com.au
1774,bigo.sg
1775,scientificamerican.com
1776,alipay.com
1777,about.com
1778,ftc.gov
1779,transsion-os.com
1780,spectrum.com
1781,privacysandboxservices.com
1782,savvis.net
1783,nextdoor.com
1784,eagleeyenetworks.com
1785,sky.com
1786,omni.ru
1787,blueapron.com
1788,odoo.com
1789,wiktionary.org
1790,e-volution.ai
1791,sedo.com
1792,hh.ru
1793,su89-cdn.net
1794,adsmoloco.com
1795,fedoraproject.org
1796,bt.co
1797,eff.org
1798,awmcdn.net
1799,superhosting.bg
1800,squarespacedns.com
1801,remotewd.com
1802,tripod.com
1803,acs.org
1804,mirror.co.uk
1805,truste.com
1806,utexas.edu
1807,w55c.net
1808,cam.ac.uk
1809,variety.com
1810,hik-connect.com
1811,canvas-user-content.com
1812,geocities.com
1813,telegra.ph
1814,alikunlun.com
1815,people.com.cn
1816,barnesandnoble.com
1817,cmu.edu
1818,spiegel.de
1819,cdek.ru
1820,redislabs.com
1821,tokopedia.com
1822,gizmodo.com
1823,bootstrapcdn.com
1824,simpli.fi
1825,connatix.com
1826,jwplayer.com
1827,earthlink.net
1828,mojohost.com
1829,richaudience.com
1830,aws-prd.net
1831,acronis.com
1832,rncdn7.com
1833,mega.nz
1834,parklogic.com
1835,stackexchange.com
1836,jhu.edu
1837,overwolf.com
1838,vox.com
1839,politico.com
1840,max.com
1841,revenuecat.com
1842,admanmedia.com
1843,ucsd.edu
1844,udemy.com
1845,quantummetric.com
1846,getbootstrap.com
1847,stbid.ru
1848,norton.com
1849,nhk.or.jp
1850,msauth.net
1851,evotor.ru
1852,evernote.com
1853,themeisle.com
1854,amd.com
1855,app.link
1856,stripe.network
1857,fao.org
1858,canada.ca
1859,spot.im
1860,uchicago.edu
1861,adroll.com
1862,americanexpress.com
1863,privacymanager.io
1864,mathtag.com
1865,elegantthemes.com
1866,selcloud.ru
1867,wechat.com
1868,siemens.com
1869,thesun.co.uk
1870,google.co.id
1871,inbake.com
1872,jwpltx.com
1873,websitewelcome.com
1874,cpanel.com
1875,amap.com
1876,kernel.org
1877,trellix.com
1878,dbankcdn.com
1879,shopifysvc.com
1880,easy4ipcloud.com
1881,www.nhs.uk
1882,px-cloud.net
1883,pubmnet.com
1884,marketingcloudapis.com
1885,aka.ms
1886,tlivepush.com
1887,monster.ie
1888,partners-show.com
1889,spaceweb.ru
1890,goguardian.com
1891,bcvcdn.com
1892,n-able.com
1893,evergage.com
1894,arstechnica.com
1895,aljazeera.com
1896,si.edu
1897,adidas.com
1898,adkernel.com
1899,sogou.com
1900,inc.com
1901,hoyoverse.com
1902,mfadsrvr.com
1903,ign.com
1904,site.com
1905,thelancet.com
1906,uk.com
1907,jamanetwork.com
1908,azure.net
1909,acm.org
1910,getpocket.com
1911,slate.com
1912,mparticle.com
1913,adobess.com
1914,springserve.com
1915,loopme.me
1916,mapbox.com
1917,sirsi.net
1918,ed.gov
1919,dns.cn
1920,ultradns.com
1921,xinhuanet.com
1922,bbb.org
1923,medallia.com
1924,kuaishou.com
1925,postrelease.com
1926,azure-api.net
1927,matterport.com
1928,segment.com
1929,bytetcdn.com
1930,eu-1-id5-sync.com
1931,bfmtv.com
1932,timeanddate.com
1933,techtarget.com
1934,globenewswire.com
1935,usgs.gov
1936,photobucket.com
1937,usgovtrafficmanager.net
1938,iponweb.net
1939,webhostbox.net
1940,sendbird.com
1941,mob.com
1942,redditstatic.com
1943,proofpoint.com
1944,smailru.net
1945,mmcdn.com
1946,house.gov
1947,cootlogix.com
1948,line-apps.com
1949,moodle.org
1950,discomax.com
1951,primis.tech
1952,waze.com
1953,infonline.de
1954,plex.tv
1955,engadget.com
1956,symantec.com
1957,wpengine.com
1958,ad-delivery.net
1959,intercom.com
1960,sfgate.com
1961,wunderground.com
1962,aibixby.com
1963,4wps.net
1964,clevelandclinic.org
1965,google.nl
1966,amazonaws.com.cn
1967,gpcloudservice.com
1968,ringcentral.com
1969,bls.gov
1970,sc-static.net
1971,feedburner.com
1972,opera.software
1973,dropcatch.com
1974,zdf.de
1975,datto.com
1976,miro.com
1977,easycruit.com
1978,battle.net
1979,netlify.app
1980,staples.com
1981,avito.st
1982,securly.com
1983,addthis.com
1984,ddnss.de
1985,garena.com
1986,mookie1.com
1987,hcaptcha.com
1988,kunlunsl.com
1989,entrepreneur.com
1990,swiftkey.com
1991,census.gov
1992,logitech.com
1993,eyeota.net
1994,apdcdn.com
1995,tealiumiq.com
1996,digg.com
1997,pnas.org
1998,craigslist.org
1999,wetransfer.com
2000,adentifi.com
2001,oath.cloud
2002,adobelogin.com
2003,samsungknox.com
2004,tenor.com
2005,bitbucket.org
2006,spbycdn.com
2007,dv.tech
2008,usercontent.microsoft
2009,clevertap-prod.com
2010,sinaedge.com
2011,science.org
2012,mediago.io
2013,akamai.com
2014,verizon.com
2015,ufl.edu
2016,themoviedb.org
2017,hhs.gov
2018,script.ac
2019,skroutz.gr
2020,jino.ru
2021,ltwebstatic.com
2022,tribalfusion.com
2023,kompas.com
2024,nyu.edu
2025,collegeboard.org
2026,samsungiotcloud.com
2027,dictionary.com
2028,samsungnyc.com
2029,bttrack.com
2030,ptsecurity.com
2031,mykeeta.com
2032,bumlam.com
2033,screenconnect.com
2034,ads-twitter.com
2035,techradar.com
2036,bund.de
2037,adp.com
2038,ctadns.cn
2039,rostelecom.ru
2040,tynt.com
2041,glance.net
2042,sectigo.com
2043,rollingstone.com
2044,zoom.com
2045,elconfidencial.com
2046,cursor.sh
2047,utoronto.ca
2048,squareup.com
2049,tenable.com
2050,moengage.com
2051,asana.com
2052,on.aws
2053,sharethis.com
2054,dropbox-dns.com
2055,quantcount.com
2056,orderbox-dns.com
2057,euronews.com
2058,smadex.com
2059,mitre.org
2060,lequipe.fr
2061,tawk.to
2062,strava.com
2063,lego.com
2064,bfmio.com
2065,wowhead.com
2066,rt.com
2067,sec.gov
2068,mxptint.net
2069,appier.net
2070,seedtag.com
2071,guardian.co.uk
2072,unicef.org
2073,fyber.com
2074,nordvpn.com
2075,starlink.com
2076,klarna.com
2077,7df5u.com
2078,bigolive.tv
2079,eu.org
2080,dns-finder.com
2081,eskimi.com
2082,ico.org.uk
2083,ubisoft.com
2084,network-auth.com
2085,uiuc.edu
2086,pcmag.com
2087,purdue.edu
2088,senate.gov
2089,wsglb0.com
2090,amazon.com.tr
2091,unity.com
2092,supersonicads.com
2093,rosminzdrav.ru
2094,aliyuncsslbintl.com
2095,oculus.com
2096,gvt3.com
2097,inkuai.com
2098,cbr.ru
2099,qz.com
2100,snapkit.com
2101,aboutcookies.org
2102,duke.edu
2103,smilewanted.com
2104,tiqcdn.com
2105,dropboxusercontent.com
2106,centrastage.net
2107,usc.edu
2108,amocrm.ru
2109,xham.live
2110,startappservice.com
2111,kueezrtb.com
2112,rakuten.com
2113,broadcom.com
2114,qcloud.com
2115,kakao.com
2116,office365.us
2117,smi2.ru
2118,hotmail.com
2119,qianxun.com
2120,bom.gov.au
2121,aadrm.com
2122,arc-msedge.net
2123,geoedge.be
2124,pwc.com
2125,otm-r.com
2126,m.me
2127,weborama.fr
2128,clarium.io
2129,ssa.gov
2130,leiniao.com
2131,fullstory.com
2132,rackcdn.com
2133,iheart.com
2134,expressen.se
2135,schwab.com
2136,bing.net
2137,gos-gsp.io
2138,verkada.com
2139,iterable.com
2140,ssrn.com
2141,tvsquared.com
2142,msu.edu
2143,enable-javascript.com
2144,harman.com
2145,adswizz.com
2146,ingage.tech
2147,championat.com
2148,freebsd.org
2149,truecaller.com
2150,bazaarvoice.com
2151,ssl.com
2152,ezvizru.com
2153,bbtec.net
2154,tesla.services
2155,constellix.com
2156,lge.com
2157,restream-media.net
2158,mi-img.com
2159,mediavine.com
2160,trueconf.net
2161,sap.com
2162,indiegogo.com
2163,cloudfunctions.net
2164,doubleclick.com
2165,like.video
2166,discordapp.net
2167,openssl.org
2168,ultimate-guitar.com
2169,parsely.com
2170,adtelligent.com
2171,livescience.com
2172,tencentclb.com
2173,samba.tv
2174,khanacademy.org
2175,ipinfo.io
2176,gettyimages.com
2177,ticketmaster.com
2178,vedsalb.com
2179,palmplaystore.com
2180,medlineplus.gov
2181,nairaland.com
2182,vkplay.ru
2183,webpkgcache.com
2184,investing.com
2185,ndr.de
2186,example.org
2187,vimeocdn.com
2188,stumbleupon.com
2189,yahoo.net
2190,donga.com
2191,lfstrm.tv
2192,caiyicloud.com
2193,usertrust.com
2194,lnkd.in
2195,arizona.edu
2196,peacocktv.com
2197,hollywoodreporter.com
2198,webs.com
2199,hwcdn.ru
2200,packetshare.io
2201,itu.int
2202,bk6bba-resources.com
2203,eum-appdynamics.com
2204,mossru.com
2205,secu100.net
2206,zdassets.com
2207,usercontent.goog
2208,semrush.com
2209,lc.chat
2210,brusnika.tech
2211,smh.com.au
2212,webempresa.eu
2213,permutive.app
2214,litix.io
2215,ucdavis.edu
2216,chartbeat.com
2217,mfms.ru
2218,oraclecloud.net
2219,wikia.com
2220,redditmedia.com
2221,dbankedge.cn
2222,infocyte.com
2223,cam4.com
2224,mncdn.com
2225,hotjar.io
2226,163img.com
2227,bigcartel.com
2228,apachefriends.org
2229,kbz0pwvxmv.com
2230,safety.google
2231,netscape.com
2232,cutt.ly
2233,minutemedia-prebid.com
2234,pndsn.com
2235,slackb.com
2236,dynamics.com
2237,kwai.com
2238,mts-ws.net
2239,zalando.de
2240,hse.ru
2241,rutarget.ru
2242,tdnsv5.com
2243,usa.gov
2244,onenote.net
2245,glpals.com
2246,oppomobile.com
2247,samsungdm.com
2248,lastpass.com
2249,onlinepbx.ru
2250,acrobat.com
2251,coloros.com
2252,scmp.com
2253,illinois.edu
2254,sprinthost.ru
2255,brightcove.com
2256,itch.io
2257,energy.gov
2258,git-scm.com
2259,minecraft.net
2260,sprinklr.com
2261,unc.edu
2262,namecheaphosting.com
2263,prezi.com
2264,army.mil
2265,bybit.com
2266,arcticwolf.net
2267,liftoff-creatives.io
2268,weather.gov
2269,undertone.com
2270,glassdoor.com
2271,keenetic.pro
2272,wellsfargo.com
2273,granbluefantasy.jp
2274,vercel.app
2275,thehill.com
2276,mixcloud.com
2277,lgsmartad.com
2278,umd.edu
2279,gotowebinar.com
2280,nextlgsdp.com
2281,amp-endpoint2.com
2282,iqiyi.com
2283,signal.org
2284,gshifen.com
2285,bizjournals.com
2286,nmrodam.com
2287,ravm.tv
2288,neixin.cn
2289,rustore.ru
2290,crunchyroll.com
2291,getgrass.io
2292,weathernews.jp
2293,semanticscholar.org
2294,tdnsstic1.cn
2295,chicagotribune.com
2296,ford.com
2297,iplt20.com
2298,justice.gov
2299,im-apps.net
2300,symcb.com
2301,rfc-editor.org
2302,howstuffworks.com
2303,aemet.es
2304,urbanairship.com
2305,serving-sys.ru
2306,gallup.com
2307,automattic.com
2308,theglobeandmail.com
2309,ad-score.com
2310,yimg.jp
2311,thuvienphapluat.vn
2312,khabaronline.ir
2313,permutive.com
2314,ctmail.com
2315,colorado.edu
2316,xhsoftware.site
2317,dvr163.com
2318,haber7.com
2319,huggingface.co
2320,ihg.com
2321,fwmrm.net
2322,axios.com
2323,grafana.com
2324,ogury.io
2325,liteapks.com
2326,ably.io
2327,mintegral.net
2328,flipboard.com
2329,chartboost.com
2330,socdm.com
2331,callrail.com
2332,av380.net
2333,olympics.com
2334,navitime.co.jp
2335,joinhoney.com
2336,miniclippt.com
2337,nejm.org
2338,prodregistryv2.org
2339,treasurenft.xyz
2340,togetter.com
2341,translate.goog
2342,onenote.com
2343,visa.com
2344,bytedance.com
2345,3hentai.net
2346,siilo.com
2347,dnse0.com
2348,nexthink.cloud
2349,scopely.io
2350,bt.com
2351,vercel-dns-3.com
2352,tubi.video
2353,sketchfab.com
2354,upmusics.com
2355,altervista.org
2356,n1info.rs
2357,nielsen.com
2358,gameanalytics.com
2359,useinsider.com
2360,kgslb.com
2361,your-server.de
2362,namebrightdns.com
2363,sakura.ne.jp
2364,thetimes.co.uk
2365,adhigh.net
2366,senderscore.com
2367,sbis.ru
2368,69shuba.com
2369,history.com
2370,dnevnik.ru
2371,steamcontent.com
2372,ubc.ca
2373,wshareit.com
2374,cloudflarestorage.com
2375,geotrust.com
2376,visualwebsiteoptimizer.com
2377,accenture.com
2378,optonline.net
2379,dhs.gov
2380,ny.gov
2381,lecturas.com
2382,sinoptik.ua
2383,messenger.com
2384,zijieapi.com
2385,nickfinder.com
2386,ndtv.com
2387,sony.com
2388,featureassets.org
2389,qpic.cn
2390,tq-tungsten.com
2391,nova.rs
2392,brstej.com
2393,siriusxm.com
2394,amemv.com
2395,nheos.com
2396,splashtop.com
2397,amp-endpoint3.com
2398,tvinteractive.tv
2399,p-msedge.net
2400,hsforms.com
2401,hpe.com
2402,truyenfull.vision
2403,mercadolibre.com
2404,imoim.net
2405,capitaloneshopping.com
2406,acoustic-adm.com
2407,metro.co.uk
2408,piojm.tech
2409,ijavhd.com
2410,sensic.net
2411,rosintel.com
2412,probo.in
2413,p-cdn.us
2414,northwestern.edu
2415,onetrust.io
2416,anses.gob.ar
2417,al-array.com
2418,braze.eu
2419,insales.ru
2420,vk.ru
2421,smithsonianmag.com
2422,surahquran.com
2423,nic.video
2424,customer.io
2425,fanduel.com
2426,komikindo2.com
2427,uhc.com
2428,elcorteingles.es
2429,ak-is2.net
2430,railway.gov.bd
2431,anime-world.co
2432,pippio.com
2433,dondominio.com
2434,wpguardian.com
2435,dynamicyield.com
2436,yasyadong.com
2437,home-assistant.io
2438,zenlogic.net
2439,wpguardian.io
2440,vailonxx.co
2441,ixigua.com
2442,fool.com
2443,egnyte.com
2444,hihimanga.com
2445,lww.com
2446,lazada.co.id
2447,wpastra.com
2448,moviesda.cool
2449,united.com
2450,gradient.network
2451,google.be
2452,ibomma.wf
2453,webflow.com
2454,share-dns.com
2455,cricbet99.club
2456,wayfair.com
2457,anchor.fm
2458,comcor-tv.ru
2459,nirvam.it
2460,tribunnews.com
2461,thawte.com
2462,applvn.com
2463,kolkataff.tv
2464,ioriveredge.net
2465,pfms.nic.in
2466,bounceexchange.com
2467,adscale.de
2468,rainberrytv.com
2469,google.at
2470,akamaitech.net
2471,capitalone.com
2472,nic.uk
2473,gamespot.com
2474,vivox.com
2475,tdnsv6.com
2476,disney.com
2477,google.co.th
2478,auth0.com
2479,ti.com
2480,drupal.org
2481,fotostrana.ru
2482,tradplusad.com
2483,adnxs-simple.com
2484,easybrain.com
2485,lg.co.kr
2486,lazada.com.ph
2487,newscientist.com
2488,tuyaeu.com
2489,zend.com
2490,walkme.com
2491,slashdot.org
2492,congress.gov
2493,argos.co.uk
2494,last.fm
2495,prserv.net
2496,fliphtml5.com
2497,moloco.com
2498,cedexis-radar.net
2499,klarna.net
2500,technologyreview.com
2501,kde.org
2502,foxbusiness.com
2503,today.com
2504,aptrinsic.com
2505,imf.org
2506,vrt.be
2507,ukr.net
2508,podbean.com
2509,ey.com
2510,cyberprotector.online
2511,4s12580.com
2512,bitnami.com
2513,allocine.fr
2514,cookiebot.com
2515,web.app
2516,citrix.com
2517,audible.com
2518,nflximg.net
2519,java.com
2520,microsoftazuread-sso.com
2521,orcid.org
2522,pubnative.net
2523,123tt.ru
2524,hoster.kz
2525,hyatt.com
2526,google.com.tw
2527,secb2b.com
2528,knt9.xyz
2529,lenta.ru
2530,byjus.com
2531,ria.com
2532,afafb.com
2533,nexon.com
2534,cuny.edu
2535,tmz.com
2536,ivi.tv
2537,vfsglobal.by
2538,navy.mil
2539,yotpo.com
2540,instructables.com
2541,indianexpress.com
2542,dnse1.com
2543,axon.ai
2544,mangakakalot.gg
2545,natomanga.com
2546,lazada.sg
2547,akaquill.net
2548,mmstat.com
2549,segmento.ru
2550,tinypass.com
2551,connectad.io
2552,opera-api2.com
2553,opensource.org
2554,instacart.com
2555,buydomains.com
2556,spamcop.net
2557,canonical.com
2558,opera-api.com
2559,adaxh.world
2560,kochava.com
2561,weatherbug.net
2562,siteimproveanalytics.io
2563,web.de
2564,web.dev
2565,hatena.ne.jp
2566,nasdaq.com
2567,inleed.net
2568,inmobicdn.net
2569,venturebeat.com
2570,bigcommerce.com
2571,otzovik.com
2572,woocommerce.com
2573,huntress.io
2574,zerocdn.com
2575,privacy-center.org
2576,about.me
2577,itv.com
2578,nflxext.com
2579,credit-agricole.fr
2580,ibscorp.ru
2581,usercentrics.eu
2582,vinted.fr
2583,shop.app
2584,fortiddns.com
2585,dns.com
2586,magonet.ru
2587,ibb.co
2588,dikdasmen.go.id
2589,yammer.com
2590,ucl.ac.uk
2591,pruffme.com
2592,lazada.com
2593,braintree-api.com
2594,filmyfly.fi
2595,1isaidub.net
2596,lg.com
2597,postman.com
2598,archives.gov
2599,icloud.com.cn
2600,nodejs.org
2601,flaticon.com
2602,sfdcfc.net
2603,so.com
2604,aarp.org
2605,ahcdn.com
2606,belkin.com
2607,thoughtco.com
2608,vogue.com
2609,globalxh.site
2610,myhostadmin.net
2611,google.se
2612,sbixby.com
2613,standard.co.uk
2614,afilias-nst.info
2615,hbo.com
2616,ucoz.ru
2617,msappproxy.net
2618,snssdk.com
2619,magnit.ru
2620,lync.com
2621,elastic.co
2622,irecommend.ru
2623,byapps.net
2624,rutgers.edu
2625,nsone.net
2626,ucweb.com
2627,iubenda.com
2628,tbank.ru
2629,nymag.com
2630,bb.com.br
2631,tizen.org
2632,parkingcrew.net
2633,sacdnssedge.com
2634,memfault.com
2635,brightspace.com
2636,tubitv.com
2637,thedailybeast.com
2638,libsyn.com
2639,jimdofree.com
2640,foursquare.com
2641,sanook.com
2642,iotcplatform.com
2643,yastatic.net
2644,loom.com
2645,rudderstack.com
2646,cxense.com
2647,safedk.com
2648,virginia.edu
2649,us.com
2650,moz.com
2651,paramountplus.com
2652,rockstargames.com
2653,leroymerlin.com
2654,windy.com
2655,blog.google
2656,emxdgt.com
2657,adguard.com
2658,urldefense.com
2659,telecid.ru
2660,mradx.net
2661,laroza.now
2662,tableau.com
2663,phantom.app
2664,akstat.io
2665,rusoska.mobi
2666,ahrefs.com
2667,lifehacker.com
2668,uribl.com
2669,heovl.fit
2670,shipt.com
2671,fastlylb.net
2672,rumble.com
2673,monster.es
2674,24xxx.im
2675,qiniudns.com
2676,microsoft.us
2677,bx-msedge.net
2678,one.com
2679,ctfassets.net
2680,jtvnw.net
2681,cedexis-test.com
2682,iiko.it
2683,rkdms.com
2684,prosv.ru
2685,ispot.tv
2686,bollyflix.phd
2687,wa.link
2688,saasprotection.com
2689,bi.go.id
2690,jivox.com
2691,fcc.gov
2692,hostinger.com
2693,aol.co.uk
2694,pstatp.com
2695,france24.com
2696,onmicrosoft.com
2697,av19.live
2698,google.com.ar
2699,falais.com
2700,foodnetwork.com
2701,xnxx-x.video
2702,artstation.com
2703,likeevideo.ru
2704,thestar.com
2705,olxcantik.com
2706,buzzoola.com
2707,serverdata.net
2708,google.cz
2709,vscode-cdn.net
2710,allawntech.com
2711,icndns.net
2712,fitbit.com
2713,dot.gov
2714,gmx.net
2715,padlet.com
2716,centos.org
2717,ctvnews.ca
2718,hdhub4u.soccer
2719,pp.ru
2720,bumble.com
2721,lazada.co.th
2722,rs6.net
2723,vlgaimup.pro
2724,drmgms.com
2725,filmyzilla5.com
2726,bitrix.info
2727,mojang.com
2728,watchguard.com
2729,google.us
2730,sattamatkadpboss.co
2731,perl.org
2732,allrecipes.com
2733,5movierulz.food
2734,al-adtech.com
2735,spb.ru
2736,xn--72cc8aul7gxbl0d4etdk.com
2737,aadl.dz
2738,dpbossattamatka.net
2739,google.com.vn
2740,5movierulz.ag
2741,mp4moviez.rodeo
2742,icanhazip.com
2743,unruly.co
2744,shorturl.at
2745,thrtle.com
2746,dpbossnet.services
2747,npmjs.com
2748,dpbosss.services
2749,sooplive.co.kr
2750,msftstatic.com
2751,sattamatkadpboss.net
2752,redbull.com
2753,spboss.com
2754,filmyzilla.com.et
2755,1password.com
2756,thenai.org
2757,mastercard.com
2758,kwaicdn.com
2759,tmall.com
2760,fbi.gov
2761,hoster.ru
2762,chinadaily.com.cn
2763,kskwai.com
2764,google.pt
2765,mathplayground.com
2766,kp.ru
2767,zynga.com
2768,rottentomatoes.com
2769,ailawandorder.com
2770,google.gr
2771,int08h.com
2772,wa.gov
2773,traffmonetizer.com
2774,system-monitor.com
2775,powerbi.com
2776,rezync.com
2777,glanceapis.com
2778,clickagy.com
2779,laravel.com
2780,xero.com
2781,gutenberg.org
2782,lenovomm.com
2783,espncdn.com
2784,faphouse1.com
2785,pacloudflare.com
2786,mindbox.ru
2787,gog.com
2788,zztfly.com
2789,slatic.net
2790,testbook.com
2791,carwale.com
2792,vanityfair.com
2793,bu.edu
2794,ueiwsp.com
2795,reasonsecurity.com
2796,cgood.ru
2797,pendingrenewaldeletion.com
2798,appdomain.cloud
2799,oaistatic.com
2800,angelfire.com
2801,csdn.net
2802,wixstatic.com
2803,heart.org
2804,doordash.com
2805,voanews.com
2806,meitu.com
2807,pushwoosh.com
2808,narod.ru
2809,rat.xxx
2810,digicertdns.com
2811,zeit.de
2812,delgarm.com
2813,toppr.com
2814,crazyegg.com
2815,printercloud.com
2816,consumerreports.org
2817,www.gov.cn
2818,sankuai.com
2819,centralnic.net
2820,mpg.de
2821,pushy.io
2822,datadoghq-browser-agent.com
2823,afrinic.net
2824,lioden.com
2825,aliexpress-media.com
2826,dalyfeds.com
2827,snaptube.app
2828,strateuat.co.za
2829,libbyshelf.com
2830,treasury.gov
2831,mimecast.com
2832,brainly.in
2833,billboard.com
2834,ifeng.com
2835,azet.sk
2836,ycombinator.com
2837,cancer.org
2838,icann.org
2839,t-bank-app.ru
2840,duosecurity.com
2841,oabaubsutha.com
2842,brainly.co.id
2843,osu.edu
2844,rtmark.net
2845,emb-api.com
2846,illuminateed.com
2847,google.hu
2848,google.ro
2849,o365filtering.com
2850,generatepress.com
2851,google.co.kr
2852,arin.net
2853,nydailynews.com
2854,ecdnx.com
2855,cosmopolitan.com
2856,pastebin.com
2857,uspto.gov
2858,imageshack.us
2859,gendai.media
2860,nfl.com
2861,zahraa.mr
2862,playfamily.ru
2863,storysaver.net
2864,volces.com
2865,google.ch
2866,samsclub.com
2867,phys.org
2868,2miners.com
2869,douban.com
2870,strpst.com
2871,mystrikingly.com
2872,imolive2.com
2873,weibo.cn
2874,google.com.co
2875,drift.com
2876,pullcf.com
2877,aa.com
2878,dashlane.com
2879,sonos.com
2880,esquire.com
2881,anybunny.org
2882,fastclick.net
2883,ninjarmm.com
2884,beyla.site
2885,netgate.com
2886,17u.cn
2887,freepornvideo.sex
2888,wikidot.com
2889,mos.ru
2890,confirmtkt.com
2891,game-sdk.com
2892,cell.com
2893,philips.com
2894,dns.pt
2895,pandasecurity.com
2896,69shuba.cx
2897,imgix.net
2898,alibabacorp.com
2899,ovh.com
2900,afcdn.net
2901,pullcm.com
2902,sexsati.com
2903,smartsheet.com
2904,thousandeyes.com
2905,privacy-mgmt.com
2906,ning.com
2907,momentohq.com
2908,queniucf.com
2909,digitaltrends.com
2910,trafficjunky.net
2911,dnsimple.com
2912,ilbe.com
2913,undp.org
2914,afilias-nst.org
2915,amung.us
2916,google.cl
2917,a-ads.com
2918,stps.gob.mx
2919,clickup.com
2920,avsee.ru
2921,boatrace.jp
2922,expediapartnercentral.com
2923,nelhydrogen.com
2924,ethz.ch
2925,r7ops.com
2926,avto.net
2927,rian.ru
2928,skwstat.ru
2929,notion.site
2930,pastelink.id
2931,geny.com
2932,mapquest.com
2933,volcgslb.com
2934,ksyna.net
2935,wapbold.net
2936,getyourguide.com
2937,unimelb.edu.au
2938,comodoca.com
2939,nkiri.com
2940,kpmg.com
2941,discovery.com
2942,phimxxx.ai
2943,profi.ru
2944,alldesiporn.com
2945,udiseplus.gov.in
2946,gotinder.com
2947,chase.com
2948,avav19.com
2949,dzexams.com
2950,dewafilm.xyz
2951,shopee.io
2952,meta.com
2953,coe.int
2954,babu88h.com
2955,upsconline.gov.in
2956,kolesa.kz
2957,nsw.gov.au
2958,megoplan.ru
2959,sattasport.in
2960,xn--3-twfr7ca0a9jsa8a4lc6fd.com
2961,globalpay.com
2962,strln.net
2963,yumpu.com
2964,dol.gov
2965,ggblueshark.com
2966,xbanxia.com
2967,parallels.com
2968,lotterysambad.one
2969,opera.technology
2970,xcumtube.com
2971,magsrv.com
2972,thejeu.com
2973,salon.com
2974,idnscloud.com
2975,zeasn.tv
2976,faz.net
2977,hisavana.com
2978,robinhood.com
2979,tenda.com.cn
2980,ifood.com.br
2981,wshifen.com
2982,mobiuspace.net
2983,elastic-cloud.com
2984,utah.edu
2985,urbandictionary.com
2986,hover.com
2987,elle.com
2988,acuityplatform.com
2989,s-microsoft.com
2990,goodhousekeeping.com
2991,orange.fr
2992,cbsivideo.com
2993,delta.com
2994,kinopoisk.ru
2995,si.com
2996,cancer.gov
2997,aeropres.in
2998,grindr.com
2999,hostpoint.ch
3000,mps.gov.cn
3001,okx.com
3002,softether-network.net
3003,pphosted.com
3004,1688.com
3005,glance-cdn.com
3006,ex.co
3007,orbsrv.com
3008,alltel24.ru
3009,google.com.pe
3010,privacyshield.gov
3011,chron.com
3012,sas.com
3013,hootsuite.com
3014,adtng.com
3015,theregister.com
3016,qualcomm.com
3017,tidal.com
3018,wswebpic.com
3019,epam.com
3020,hubhc.com
3021,asahi.com
3022,openwebmp.com
3023,snapcraft.io
3024,fortinet.net
3025,brookings.edu
3026,deadline.com
3027,mountain.com
3028,samplicio.us
3029,tamu.edu
3030,e-planning.net
3031,heise.de
3032,queniubg.com
3033,walgreens.com
3034,platinumai.net
3035,blogspot.co.uk
3036,google.com.ua
3037,ccc.de
3038,spacex.com
3039,ndcpp-os.com
3040,ns1p.net
3041,itau.com.br
3042,quillbot.com
3043,panasonic.com
3044,ay.delivery
3045,thomsonreuters.com
3046,demandbase.com
3047,v-videoapp.com
3048,bbci.co.uk
3049,jhkkjkj.com
3050,ncsu.edu
3051,ibosscloud.com
3052,sophosxl.net
3053,ilo.org
3054,cbssports.com
3055,rg.ru
3056,porsche.com
3057,ask.com
3058,adaether.com
3059,intercomcdn.com
3060,didiglobal.com
3061,tsinghua.edu.cn
3062,getgo.com
3063,dmoz.org
3064,hexsdk.com
3065,activision.com
3066,citi.com
3067,vrbo.com
3068,bcelive.com
3069,planfix.com
3070,ml314.com
3071,userway.org
3072,minepi.com
3073,streamtheworld.com
3074,awmdm.com
3075,vidoomy.com
3076,faqs.org
3077,alfabank.ru
3078,hybrid.ai
3079,keydisk.ru
3080,piano.io
3081,api.aws
3082,youboranqs01.com
3083,nalog.ru
3084,tranplanet.com
3085,found.io
3086,wikisource.org
3087,crunchbase.com
3088,mathworks.com
3089,cashstar.com
3090,auvik.com
3091,wustl.edu
3092,identrust.com
3093,dish.com
3094,zalo.me
3095,dssott.com
3096,gumroad.com
3097,boston.com
3098,thebalancemoney.com
3099,iop.org
3100,rqtrk.eu
3101,hihonor.com
3102,webflow.io
3103,texas.gov
3104,ucsb.edu
3105,ftstatic.com
3106,nyc.gov
3107,skimresources.com
3108,gifshow.com
3109,dnse3.com
3110,match.com
3111,malwarebytes.com
3112,jpush.cn
3113,joomla.org
3114,serverbid.com
3115,stocrm.ru
3116,ax-dc-msedge.net
3117,houzz.com
3118,qcomgeo2.com
3119,weerrhoop.cc
3120,eci.gov.in
3121,nzherald.co.nz
3122,nokia.com
3123,cctv.com
3124,telefonica.de
3125,sunnypingdrink.com
3126,e5.sk
3127,usembassy.gov
3128,inmotionhosting.com
3129,square.site
3130,vt.edu
3131,cloudflarestatus.com
3132,intelbras.com.br
3133,timeout.com
3134,novell.com
3135,bitly.com
3136,haxx.se
3137,hadronid.net
3138,xlivrdr.com
3139,nurd.com
3140,xe.com
3141,revcontent.com
3142,isc.org
3143,tutu.ru
3144,voximplant.com
3145,adtarget.com.tr
3146,fengpongshu.com
3147,cian.ru
3148,straitstimes.com
3149,sophosupd.com
3150,fifa.com
3151,livemint.com
3152,boredpanda.com
3153,staticflickr.com
3154,axis.com
3155,zopim.com
3156,selectel.ru
3157,chocopinglate.org
3158,awardpongsur.org
3159,georgetown.edu
3160,cpan.org
3161,dnsdomen.com
3162,azure-dns.net
3163,aylanetworks.com
3164,mk.ru
3165,pubnub.com
3166,hotels.com
3167,sharepointonline.com
3168,freshdesk.com
3169,dnsv1.com.cn
3170,garenanow.com
3171,airtable.com
3172,chinanetcenter.com
3173,galaxydata.ru
3174,brightcloud.com
3175,blcdog.com
3176,register.com
3177,movetv.com
3178,google.com.sg
3179,msi.com
3180,liveintent.com
3181,24xxx.party
3182,cern.ch
3183,flightradar24.com
3184,browsiprod.com
3185,porkbun.com
3186,semasio.net
3187,mcdonalds.com
3188,picsart.com
3189,optus.com.au
3190,redbubble.com
3191,vihub.ru
3192,miitbeian.gov.cn
3193,1drv.ms
3194,shopifycloud.com
3195,comodo.com
3196,uoregon.edu
3197,jampp.com
3198,confiant-integrations.net
3199,pitt.edu
3200,accor.com
3201,toasttab.com
3202,stretchoid.com
3203,infomaniak.com
3204,curl.se
3205,rsc.org
3206,sbb.ch
3207,ahacdn.me
3208,allstate.com
3209,ovhcloud.com
3210,globalnews.ca
3211,onaudience.com
3212,micpn.com
3213,douyin.com
3214,ikarem.io
3215,adition.com
3216,pypi.org
3217,patch.com
3218,betcity.ru
3219,gtld.biz
3220,thingiverse.com
3221,asos.com
3222,ampproject.net
3223,ohchr.org
3224,likee.com
3225,ekatox.com
3226,irishtimes.com
3227,ndmdhs.com
3228,getui.com
3229,thehindu.com
3230,qualys.com
3231,tailscale.com
3232,slb.com
3233,medscape.com
3234,uscis.gov
3235,vanguard.com
3236,2o7.net
3237,zscaler.net
3238,wipo.int
3239,msnbc.com
3240,elong.com
3241,brightcove.net
3242,home.pl
3243,cvs.com
3244,cdnhwcbqs106.com
3245,ccgateway.net
3246,uidapi.com
3247,cedexis.com
3248,paa-reporting-advertising.amazon
3249,crypto.com
3250,4shared.com
3251,apptentive.com
3252,nhl.com
3253,krushmedia.com
3254,raiffeisen.ru
3255,garant.ru
3256,hopkinsmedicine.org
3257,splunkcloud.com
3258,rtactivate.com
3259,trustedstack.com
3260,dtvce.com
3261,fortinet.com
3262,univie.ac.at
3263,thefreedictionary.com
3264,lgtviot.com
3265,carfax.com
3266,imagemagick.org
3267,zapier.com
3268,vkusvill.ru
3269,caniuse.com
3270,gap.com
3271,tapjoy.com
3272,liveperson.net
3273,focus.de
3274,oray.com
3275,shawcable.net
3276,sitemaps.org
3277,kunlungr.com
3278,iz.ru
3279,jpost.com
3280,ethdisco.net
3281,opsgenie.com
3282,sephora.com
3283,afraid.org
3284,the-ozone-project.com
3285,vk-analytics.ru
3286,cwtv.com
3287,cdnmg.com
3288,dotnxdomain.net
3289,vidazoo.com
3290,helpshift.com
3291,nextmillmedia.com
3292,economictimes.com
3293,lonelyplanet.com
3294,thestreet.com
3295,honeywell.com
3296,zara.com
3297,clover.com
3298,charter.net
3299,unrealengine.com
3300,ksapisrv.com
3301,google.co.za
3302,zdxcloud.net
3303,eu.com
3304,youngjoygame.com
3305,host-food.ru
3306,wistia.com
3307,tesco.com
3308,santander.com.br
3309,paypal.me
3310,adotmob.com
3311,vzwwo.com
3312,wps.cn
3313,tubemogul.com
3314,gd34fdldh.xyz
3315,cat.com
3316,rackspacecloud.com
3317,500px.com
3318,dianping.com
3319,indiana.edu
3320,google.dk
3321,a-mx.com
3322,qnap.com
3323,evidon.com
3324,tricolor.tv
3325,finam.ru
3326,slack-edge.com
3327,nerdwallet.com
3328,wscdns.com
3329,smugmug.com
3330,ed.ac.uk
3331,facemojikeyboard.com
3332,doubtnut.com
3333,metroxh.site
3334,createjs.com
3335,google.fi
3336,logicnow.us
3337,iqm.com
3338,google.co.il
3339,linksynergy.com
3340,rrbapply.gov.in
3341,greenpeace.org
3342,rtve.es
3343,dzeninfra.ru
3344,calameo.com
3345,telkomhosting.com
3346,colossusssp.com
3347,gemius.pl
3348,lxdns.com
3349,cachefly.net
3350,iionads.com
3351,rima-tde.net
3352,mongodb.net
3353,callofduty.com
3354,openldap.org
3355,kahoot.it
3356,code42.com
3357,gldn.net
3358,my-salesforce-hub.com
3359,powerapps.com
3360,nbc.com
3361,rusprofile.ru
3362,storygize.net
3363,sextop1.bot
3364,hostedrmm.com
3365,cygwin.com
3366,pcworld.com
3367,rr.com
3368,flic.kr
3369,systemdns.com
3370,wixdns.net
3371,insightexpressai.com
3372,deepseek.com
3373,xhamsterlive.com
3374,codebig2.net
3375,arm-msedge.net
3376,mheducation.com
3377,ps.kz
3378,bspb.ru
3379,gpubgm.com
3380,avg.com
3381,mozaws.net
3382,google.co.nz
3383,toyota.com
3384,seattletimes.com
3385,videolan.org
3386,bls.dev
3387,olx.ua
3388,namequery.com
3389,box.net
3390,snopes.com
3391,toutiao.com
3392,zeotap.com
3393,splunk.com
3394,zscalertwo.net
3395,nazwa.pl
3396,contaboserver.net
3397,verywellmind.com
3398,ams1907.com
3399,wasabisys.com
3400,backblazeb2.com
3401,nobelprize.org
3402,google.ie
3403,guard.io
3404,alikunlun.net
3405,uniqlo.com
3406,aidemsrv.com
3407,dnse2.com
3408,merlincdn.net
3409,shinigami09.com
3410,creditkarma.com
3411,timesofisrael.com
3412,bellsouth.net
3413,eventbrite.co.uk
3414,classdojo.com
3415,sproutsocial.com
3416,williamhill.com
3417,icq.com
3418,filmyfly.phd
3419,infolinks.com
3420,unl.edu
3421,samsungcloudcdn.com
3422,filmyzilla.net.pl
3423,banki.ru
3424,adthrive.com
3425,smartproxy.com
3426,tdnsvod1.cn
3427,mp4moviez.capital
3428,simontokx.co
3429,5movierulz.soy
3430,net.ru
3431,pidey.co
3432,hrw.org
3433,lin.ee
3434,esa.int
3435,vnsexmup.net
3436,5movierulz.spa
3437,5movierulz.vu
3438,filmyfly.moi
3439,lenovo.com.cn
3440,proton.me
3441,clean.gg
3442,moviesda.city
3443,mupnungvl.pro
3444,xserver.jp
3445,9gag.com
3446,sureserver.com
3447,lunalabs.io
3448,formula1.com
3449,yatv3.net
3450,poop.blue
3451,yakored3.net
3452,1isaidub.com
3453,filmyzilla.net.bz
3454,ew.com
3455,xnhau.top
3456,mp4moviez.pub
3457,filmyfly.esq
3458,filmyzilla.net.nz
3459,hdhub4u.phd
3460,sfu.ca
3461,swrve.com
3462,poop.name
3463,poop.ga
3464,blacktoon347.com
3465,poops.id
3466,digital.com
3467,bostonglobe.com
3468,edapp.com
3469,fastly-insights.com
3470,arkoselabs.com
3471,netsuite.com
3472,macomnet.ru
3473,locaweb.com.br
3474,t0x.net
3475,tufts.edu
3476,infojobs.net
3477,dmxleo.com
3478,zdnscloud.com
3479,shodan.io
3480,ctnsnet.com
3481,tnt-ea.com
3482,tuyaus.com
3483,zscalerthree.net
3484,mcgill.ca
3485,syndicatedsearch.goog
3486,dfmc.com.cn
3487,uplynk.com
3488,chegg.com
3489,crazygames.com
3490,google.bg
3491,a2hosting.com
3492,myanimelist.net
3493,tns-counter.ru
3494,beyondtrustcloud.com
3495,hubspot.net
3496,cmd.su
3497,globalcdn.co
3498,is.gd
3499,envato.com
3500,pochta.ru
3501,tripadvisor.co.uk
3502,sofascore.com
3503,hs-scripts.com
3504,jwpcdn.com
3505,logitech.io
3506,adingo.jp
3507,abc.es
3508,wufoo.com
3509,sueddeutsche.de
3510,mcr-msedge.net
3511,codepen.io
3512,blismedia.com
3513,page.link
3514,ortb.net
3515,2gis.ru
3516,servenobid.com
3517,conn3ct.space
3518,gm.com
3519,traveloka.com
3520,matomo.org
3521,cia.gov
3522,1984.is
3523,gatech.edu
3524,signalr.net
3525,shopee.vn
3526,youronlinechoices.eu
3527,aihelp.net
3528,hs-banner.com
3529,bittorrent.com
3530,samsunghealth.com
3531,aviasales.ru
3532,ecwid.com
3533,topdns.com
3534,hawaii.edu
3535,gitbook.io
3536,alibaba-inc.com
3537,verywellhealth.com
3538,stuff.co.nz
3539,heapanalytics.com
3540,hs-analytics.net
3541,digitaltarget.ru
3542,bstatic.com
3543,sba.gov
3544,legacy.com
3545,myvzw.com
3546,adsbynimbus.com
3547,breitbart.com
3548,clicktale.net
3549,defense.gov
3550,king.com
3551,ubereats.com
3552,prestashop.com
3553,google.sk
3554,rochester.edu
3555,cbslocal.com
3556,oath.com
3557,tapclap.com
3558,punchmedia.ru
3559,jio.com
3560,media6degrees.com
3561,cvent.com
3562,naver.jp
3563,hetzner.com
3564,dailyinnovation.biz
3565,experian.com
3566,progressive.com
3567,grammarlyaws.com
3568,outbrainimg.com
3569,metmuseum.org
3570,d-net.pro
3571,news24.com
3572,sportradarserving.com
3573,menshealth.com
3574,google.com.eg
3575,bodis.com
3576,bidvol.com
3577,indazn.com
3578,drugs.com
3579,eeroup.com
3580,seekingalpha.com
3581,thespruce.com
3582,google.hr
3583,livestream.com
3584,usaa.com
3585,ipcc.ch
3586,konami.net
3587,rosneft.ru
3588,uefa.com
3589,protechts.net
3590,splunkdev.net
3591,ttwstatic.com
3592,gimp.org
3593,cpi.ad.jp
3594,googlesource.com
3595,barracuda.com
3596,admixer.net
3597,moodle.com
3598,tomsguide.com
3599,aircanada.com
3600,unep.org
3601,gameloft.com
3602,wireshark.org
3603,zaloapp.com
3604,wargaming.net
3605,caltech.edu
3606,news18.com
3607,bitrix24.com
3608,skyrock.net
3609,mediawiki.org
3610,brandmetrics.com
3611,lahuashanbx.com
3612,bzsn.ru
3613,yle.fi
3614,shopee.ph
3615,space.com
3616,db.com
3617,rtbhouse.com
3618,mediavitrina.ru
3619,colorlib.com
3620,buzzsprout.com
3621,softonic.com
3622,study.com
3623,eonline.com
3624,mastodon.social
3625,celtra.com
3626,distmed.com
3627,edx.org
3628,newsbreak.com
3629,google.com.ph
3630,weathercn.com
3631,ucloud.cn
3632,virginmedia.com
3633,trip.com
3634,theknot.com
3635,pxf.io
3636,adweek.com
3637,fema.gov
3638,google.no
3639,tanium.com
3640,mercurynews.com
3641,gaijin.net
3642,sinaimg.cn
3643,beelinegprs.ru
3644,lazada.com.my
3645,nicovideo.jp
3646,snowflake.com
3647,mobilefuse.com
3648,mrf.io
3649,arduino.cc
3650,ko-fi.com
3651,6sc.co
3652,es.io
3653,esphere.ru
3654,net-line.pro
3655,tvtropes.org
3656,pokemon.com
3657,zscloud.net
3658,cyberark.com
3659,mysterium.network
3660,tn.gov
3661,brown.edu
3662,samsungrs.com
3663,parastorage.com
3664,s-onetag.com
3665,cdnhwczba04.com
3666,twtrdns.net
3667,dominos.com
3668,shutterfly.com
3669,kbb.com
3670,nianticlabs.com
3671,inscloudgate.net
3672,schwab.tech
3673,zebra.com
3674,envisioncn.com
3675,archdaily.com
3676,atl-paas.net
3677,proquest.com
3678,osha.gov
3679,victoriassecret.com
3680,ciscospark.com
3681,xkcd.com
3682,prweb.com
3683,uiowa.edu
3684,wandera.com
3685,sina.com
3686,depositphotos.com
3687,bgdns.net
3688,barrons.com
3689,qlogo.cn
3690,databricks.com
3691,crowdstrike.com
3692,indiatoday.in
3693,michaels.com
3694,ring.net
3695,bac.com
3696,lse.ac.uk
3697,my-lightning-container.com
3698,tagesspiegel.de
3699,smallpdf.com
3700,freshworksapi.com
3701,posthog.com
3702,thetimes.com
3703,queniuiq.com
3704,answers.com
3705,hinet.net
3706,independent.ie
3707,bahn.de
3708,vwapps.io
3709,shazam.com
3710,openxcdn.net
3711,optimove.net
3712,dreamstime.com
3713,redcross.org
3714,google.com.my
3715,shopifycdn.com
3716,corpinter.net
3717,poshmark.com
3718,popularmechanics.com
3719,cpmstar.com
3720,sjv.io
3721,azure.us
3722,schoology.com
3723,tucows.com
3724,uga.edu
3725,ctecdn.cn
3726,reverso.net
3727,t.ly
3728,eurekalert.org
3729,theiconic.com.au
3730,akasripcn.net
3731,topdns.me
3732,gov.ru
3733,justia.com
3734,hqsw.ru
3735,moovitapp.com
3736,nj.com
3737,projets-web.net
3738,technoratimedia.com
3739,ourworldindata.org
3740,sberdevices.ru
3741,hubapi.com
3742,studentaid.gov
3743,pcgamer.com
3744,termsfeed.com
3745,my.games
3746,1cfresh.com
3747,news.cn
3748,anyclip.com
3749,familysearch.org
3750,xincache.com
3751,truoptik.com
3752,rzd.ru
3753,brusnika.ru
3754,custhelp.com
3755,heytapdownload.com
3756,appboy.com
3757,backblaze.com
3758,sliide.cloud
3759,over-blog.com
3760,sprig.com
3761,imotech.tech
3762,uscourts.gov
3763,statsigapi.net
3764,monday.com
3765,symcd.com
3766,jiveip.net
3767,surriel.com
3768,ev2-msedge.net
3769,cengage.com
3770,cdnhwc7.com
3771,mhverifier.ru
3772,rei.com
3773,lua.org
3774,politico.eu
3775,treasuredata.com
3776,aeroflot.ru
3777,domaintools.com
3778,foxsports.com
3779,tunein.com
3780,service-public.fr
3781,wuporg.com
3782,ctgcdn.com
3783,statefarm.com
3784,edu-servers.net
3785,wowjobs.ca
3786,howtogeek.com
3787,amnesty.org
3788,vapp-servers.com
3789,hstgr.net
3790,outlookindia.com
3791,keenetic.link
3792,lilithgame.com
3793,bankrate.com
3794,sketchup.com
3795,leagueoflegends.com
3796,virustotal.com
3797,libero.it
3798,samsungpositioning.com
3799,insider.com
3800,meituan.net
3801,adzerk.net
3802,oregonstate.edu
3803,spglobal.com
3804,ulta.com
3805,vatican.va
3806,feedly.com
3807,rte.ie
3808,anythinktech.com
3809,jivosite.com
3810,takeaway.com
3811,sjtu.edu.cn
3812,uubb.website
3813,dingtalk.com
3814,iu.edu
3815,dickssportinggoods.com
3816,skysports.com
3817,activtrak.net
3818,managed-vps.net
3819,nbcuni.com
3820,dnse4.com
3821,ihc.ru
3822,dynamic-dns.net
3823,iea.org
3824,dataprivacyframework.gov
3825,eencloud.com
3826,redis.io
3827,lgthinq.com
3828,digistorm.com
3829,fsu.edu
3830,braze-images.com
3831,reolink.com
3832,mcusercontent.com
3833,paypalobjects.com
3834,qvdt3feo.com
3835,viafoura.co
3836,sciencealert.com
3837,rtcfront.net
3838,bitwarden.com
3839,acer.com
3840,wsu.edu
3841,envato.market
3842,starbucks.com.cn
3843,baishan-cloud.net
3844,myqnapcloud.com
3845,com.com
3846,logmein.com
3847,smartclip.net
3848,dutils.com
3849,federalregister.gov
3850,matchtv.ru
3851,pro-market.net
3852,suno.com
3853,wikibooks.org
3854,securityfocus.com
3855,stspg-customer.com
3856,shopee.sg
3857,feednews.com
3858,findlaw.com
3859,auctollo.com
3860,lazada.vn
3861,org.ru
3862,2kcoretech.online
3863,google.ae
3864,namecheap.com
3865,ansa.it
3866,japantimes.co.jp
3867,nos.nl
3868,kaltura.com
3869,exacttarget.com
3870,arlo.com
3871,channel4.com
3872,shopee.com.my
3873,popsci.com
3874,ctdcdn.com
3875,hubspotusercontent-na1.net
3876,geforce.com
3877,business-standard.com
3878,miamiherald.com
3879,liberation.fr
3880,linecorp.com
3881,unity3dusercontent.com
3882,nordstrom.com
3883,rqmob.com
3884,cachenow.net
3885,humeysha.com
3886,faa.gov
3887,yolasite.com
3888,lifewire.com
3889,umass.edu
3890,seek.com.au
3891,glulive.com
3892,travelaudience.com
3893,wurl.com
3894,pinduoduo.com
3895,my-salesforce-community-builder.com
3896,sportingnews.com
3897,google.com.pk
3898,nbcuott.com
3899,archlinux.org
3900,getadblock.com
3901,txlivecdn.com
3902,payfit.com
3903,mango-office.ru
3904,wordreference.com
3905,sonicwall.com
3906,hbs.edu
3907,queniusz.com
3908,flightaware.com
3909,uwaterloo.ca
3910,spreaker.com
3911,southwest.com
3912,serasa.com.br
3913,dnacdn.net
3914,dmcdn.net
3915,orf.at
3916,hereapi.com
3917,marthastewart.com
3918,akbars.ru
3919,stern.de
3920,zohocdn.com
3921,proof-dns.com
3922,google.rs
3923,mpsuadv.ru
3924,feishu.cn
3925,aljazeera.net
3926,sberbank-tele.com
3927,imageshack.com
3928,serveriai.lt
3929,themegrill.com
3930,hoyolab.com
3931,mercedes-benz.com
3932,gazprombank.ru
3933,medtronic.com
3934,usf.edu
3935,thesaurus.com
3936,coca-cola.com
3937,emojipedia.org
3938,sl.pt
3939,binance.info
3940,loopia.se
3941,vkvideo.ru
3942,repocket.com
3943,worldcat.org
3944,threema.ch
3945,made-in-china.com
3946,cquotient.com
3947,ow.ly
3948,lycos.com
3949,hiyaapi.com
3950,hgtv.com
3951,kroger.com
3952,pub.network
3953,similarweb.com
3954,crcldu.com
3955,bixbyllm.com
3956,vonedge.com
3957,elster.de
3958,aliexpress.ru
3959,remotepc.com
3960,romarg.com
3961,ustream.tv
3962,intergient.com
3963,domru.ru
3964,nocookie.net
3965,likee.video
3966,fortnite.com
3967,bedbathandbeyond.com
3968,easyjet.com
3969,histats.com
3970,perl.com
3971,saasexch.com
3972,ns.ua
3973,saby.ru
3974,tfl.gov.uk
3975,fastlydns.net
3976,os-lb.com
3977,computerworld.com
3978,cdnwidget.com
3979,teacherspayteachers.com
3980,findagrave.com
3981,telstra.net
3982,highwebmedia.com
3983,scopus.com
3984,uc.cn
3985,cookieyes.com
3986,shopee.tw
3987,morningstar.com
3988,wpadmngr.com
3989,raspberrypi.org
3990,yomiuri.co.jp
3991,disquscdn.com
3992,outbrain.org
3993,dbankcdn.cn
3994,felenasoft.com
3995,cybertrust.com
3996,gamesradar.com
3997,ladsp.com
3998,yutex.ru
3999,fazenda.gov.br
4000,zoominfo.com
4001,ruidongcloud.com
4002,grammarly.net
4003,perplexity.ai
4004,onrender.com
4005,lnk.to
4006,ureca-lab.com
4007,abtasty.com
4008,mariadb.org
4009,vanderbilt.edu
4010,parade.com
4011,pbskids.org
4012,clmbtech.com
4013,ripe.net
4014,svr-algorix.com
4015,postimg.cc
4016,shopee.co.th
4017,bell-labs.com
4018,abril.com.br
4019,iptv2022.com
4020,mcx.ru
4021,af.mil
4022,dnsexit.com
4023,pagesix.com
4024,yp.to
4025,sway.com
4026,okko.tv
4027,ovo.id
4028,website-files.com
4029,boomplaymusic.com
4030,financialexpress.com
4031,brevo.com
4032,leetcode.com
4033,vseinstrumenti.ru
4034,habr.com
4035,aspnetcdn.com
4036,ap.org
4037,pavietnam.vn
4038,srmdata.com
4039,freedesktop.org
4040,unhcr.org
4041,o3.ru
4042,tildacdn.com
4043,clinicaltrials.gov
4044,dreame.tech
4045,google.by
4046,google.kz
4047,bytelb.com
4048,google.com.sa
4049,penguinrandomhouse.com
4050,bidderstack.com
4051,reverbnation.com
4052,uninet.net.mx
4053,myfitnesspal.com
4054,biglobe.ne.jp
4055,scarabresearch.com
4056,dynect.net
4057,moatads.com
4058,spectrum.net
4059,cricketwireless.com
4060,atlasobscura.com
4061,samsungads.com
4062,hdslb.com
4063,quark.cn
4064,bbcgoodfood.com
4065,eatingwell.com
4066,on.net
4067,evgnet.com
4068,google.lv
4069,keenetic.io
4070,samsara.com
4071,prtimes.jp
4072,gq.com
4073,openweathermap.org
4074,hubpages.com
4075,next.co.uk
4076,polygon.com
4077,kundelik.kz
4078,e-mind.com
4079,matillion.com
4080,sentry-cdn.com
4081,byteimg.com
4082,ymmobi.com
4083,eloqua.com
4084,batch.com
4085,ucsf.edu
4086,videonow.ru
4087,terabox.com
4088,mac.com
4089,iastate.edu
4090,gamma.app
4091,thenextweb.com
4092,macrumors.com
4093,thinkwithgoogle.com
4094,akadns88.net
4095,amazon.ae
4096,talkie-ai.com
4097,mktoresp.com
4098,google.co.ve
4099,teachable.com
4100,ardmediathek.de
4101,infogram.com
4102,razorpay.com
4103,virtua.com.br
4104,google.lt
4105,dtscout.com
4106,wondershare.com
4107,google.si
4108,unfccc.int
4109,domain.com
4110,growthbook.io
4111,gwu.edu
4112,oaiusercontent.com
4113,sports.ru
4114,churchofjesuschrist.org
4115,asuscomm.com
4116,groupon.com
4117,google.com.gt
4118,mynavi.jp
4119,sovcombank.ru
4120,tass.ru
4121,anzu-us.com
4122,litres.ru
4123,caranddriver.com
4124,megapbx.ru
4125,google.co.cr
4126,cloudbirds.cn
4127,man7.org
4128,techlab-cdn.com
4129,thekitchn.com
4130,manchestereveningnews.co.uk
4131,ohmy.bid
4132,affirm.com
4133,apnic.net
4134,mosyle.com
4135,hotmart.com
4136,itsupport247.net
4137,dotmetrics.net
4138,edgedns-tm.info
4139,aetna.com
4140,sbcglobal.net
4141,softbank.jp
4142,hscollectedforms.net
4143,jooble.org
4144,midasplayer.cloud
4145,dual-s-dc-msedge.net
4146,ziprecruiter.com
4147,bi.zone
4148,phpbb.com
4149,google.com.ec
4150,nbcsports.com
4151,alarabiya.net
4152,udel.edu
4153,ivideon.com
4154,opensuse.org
4155,coindesk.com
4156,googleoptimize.com
4157,bidease.com
4158,chrome.com
4159,bustle.com
4160,the-sun.com
4161,opentable.com
4162,razer.com
4163,cbrpay.ru
4164,dmm.com
4165,vivint.ai
4166,aviasales.com
4167,queniuyk.com
4168,g2.com
4169,sony.tv
4170,cloudappsecurity.com
4171,foreignpolicy.com
4172,tinkercad.com
4173,alexa.com
4174,federalreserve.gov
4175,clickmeeting.com
4176,aif.ru
4177,pbxai.com
4178,jivo.ru
4179,bunny.net
4180,ruijienetworks.com
4181,mainichi.jp
4182,justpaste.it
4183,ipvanish.com
4184,expressapisv2.net
4185,tclking.com
4186,pku.edu.cn
4187,taxssp.com
4188,admhmao.ru
4189,menlosecurity.com
4190,vidio.com
4191,ultradns.net
4192,google.com.uy
4193,google.ee
4194,icio.us
4195,virginia.gov
4196,rttv.ru
4197,geocomply.com
4198,jimdosite.com
4199,google.com.bd
4200,tcgplayer.com
4201,technorail.com
4202,warthunder.com
4203,adfox.ru
4204,stabletransit.com
4205,cableone.net
4206,docusign.net
4207,uniview.com
4208,ondemand.com
4209,aws.com
4210,apple-dns.cn
4211,colostate.edu
4212,listdl.com
4213,sng.link
4214,easports.com
4215,google.com.do
4216,huffingtonpost.co.uk
4217,coxautoinc.com
4218,homestead.com
4219,localytics.com
4220,realme.com
4221,yandex.com.tr
4222,blackberry.com
4223,flipsnack.com
4224,ecopsy.com
4225,illumin.com
4226,trulia.com
4227,forticloud.com
4228,venmo.com
4229,tcdnlive.com
4230,govdelivery.com
4231,sfr.fr
4232,knowbe4.com
4233,eurodns.com
4234,vmailru.net
4235,ualberta.ca
4236,dmca.com
4237,chosun.com
4238,instana.io
4239,wp.me
4240,google.dz
4241,tilda.ws
4242,google.ba
4243,rediff.com
4244,prreqcroab.icu
4245,qqq-ttss.su
4246,rfi.fr
4247,17track.net
4248,ctrip.com
4249,ck-ie.com
4250,chewy.com
4251,collider.com
4252,eyeo.com
4253,mulesoft.com
4254,gist.build
4255,126.net
4256,aditude.io
4257,zimbra.com
4258,google.com.pr
4259,propublica.org
4260,alltrails.com
4261,mo.gov
4262,buffer.com
4263,pstatic.net
4264,bcebos.com
4265,searchengineland.com
4266,jwpsrv.com
4267,routledge.com
4268,washingtontimes.com
4269,xboxab.com
4270,yandexmetrica.com
4271,theregister.co.uk
4272,nrk.no
4273,bytens.net
4274,365scores.com
4275,rapidssl.com
4276,premierleague.com
4277,tappx.com
4278,tomshardware.com
4279,a1q7.net
4280,japanpost.jp
4281,certum.pl
4282,estadao.com.br
4283,appnext.com
4284,google.com.np
4285,peatix.com
4286,livedns.co.uk
4287,geobasket.ru
4288,mailerlite.com
4289,nationalpost.com
4290,ct.gov
4291,azureedge.us
4292,mlstatic.com
4293,mintegral.com
4294,newegg.com
4295,dssedge.com
4296,frameo.net
4297,platformaofd.ru
4298,nodacdn.net
4299,chip.de
4300,ucoz.net
4301,meizu.com
4302,zooplus.io
4303,xtracloud.cn
4304,aaa.com
4305,justwatch.com
4306,laracasts.com
4307,siue.edu
4308,d-53.jp
4309,techsmith.com
4310,line-scdn.net
4311,businessweek.com
4312,lightboxcdn.com
4313,riskified.com
4314,bluekai.com
4315,alamy.com
4316,bluecava.com
4317,unsw.edu.au
4318,ss2.us
4319,blogspot.de
4320,google.co.uz
4321,dallasnews.com
4322,google.com.ng
4323,sfmc-content.com
4324,ahagamecenter.com
4325,ovhnextmillmedia.com
4326,pixlr.com
4327,google.com.bo
4328,ncaa.com
4329,pa.gov
4330,codeium.com
4331,amazon.se
4332,gcloudcs.com
4333,tractorsupply.com
4334,barracudanetworks.com
4335,unam.mx
4336,squid-cache.org
4337,google.co.ma
4338,byu.edu
4339,cointelegraph.com
4340,gamestop.com
4341,wpscdn.com
4342,redditspace.com
4343,mercari.com
4344,google.ge
4345,pscp.tv
4346,hubble.in
4347,ajax.systems
4348,nd.edu
4349,xtracloud.net
4350,bytedns3.com
4351,greenhouse.io
4352,boardgamegeek.com
4353,lesechos.fr
4354,fastly-masque.net
4355,walmart.ca
4356,cwi.nl
4357,wordfence.com
4358,kustomerapp.com
4359,mhlw.go.jp
4360,apachelounge.com
4361,travelandleisure.com
4362,bldrdoc.gov
4363,linewize.net
4364,adsensecustomsearchads.com
4365,simply.com
4366,worldometers.info
4367,tplinkra.com
4368,atom.com
4369,harpersbazaar.com
4370,fraunhofer.de
4371,akadns99.net
4372,nsf.gov
4373,oxfordjournals.org
4374,larkplayerapp.com
4375,smule.com
4376,interfax.ru
4377,uic.edu
4378,dcloudstc.com
4379,rudderlabs.com
4380,abbott.com
4381,elstc.co
4382,pastelink.net
4383,usp.br
4384,rustdesk.com
4385,pearson.com
4386,anu.edu.au
4387,derstandard.at
4388,gnome.org
4389,miibeian.gov.cn
4390,vecteezy.com
4391,todoist.com
4392,threatlocker.com
4393,google.com.sv
4394,index.hu
4395,cms.gov
4396,dns-tm.com
4397,viator.com
4398,websupport.sk
4399,operacdn.com
4400,samsungdive.com
4401,legislation.gov.uk
4402,sardine.ai
4403,tabletcaptiveportal.com
4404,doppiocdn.net
4405,cafe24.com
4406,google.tn
4407,reference.com
4408,heytapimg.com
4409,hellomagazine.com
4410,second-ns.de
4411,nyt.com
4412,syncthing.net
4413,edmunds.com
4414,pinterest.co.uk
4415,docusign.com
4416,ibtimes.com
4417,openoffice.org
4418,marksandspencer.com
4419,iotbing.com
4420,prodigygame.com
4421,dbankcloud.asia
4422,cdn.house
4423,c-msedge.net
4424,yandex-team.ru
4425,acint.net
4426,kampyle.com
4427,superbet.ro
4428,brinkpos.net
4429,cognitivlabs.com
4430,global-e.com
4431,pdffiller.com
4432,google.com.pa
4433,westernunion.com
4434,revenuads.com
4435,247sports.com
4436,google.az
4437,queniuck.com
4438,appiancloud.com
4439,gjhyss.com
4440,aqsi.ru
4441,pch.com
4442,google.hn
4443,searchenginejournal.com
4444,google.lu
4445,google.com.lb
4446,abb.com
4447,tk0x1.com
4448,pghub.io
4449,rice.edu
4450,yougile.com
4451,purl.org
4452,google.jo
4453,sendsay.ru
4454,spcsdns.net
4455,appiersig.com
4456,veeam.com
4457,lululemon.com
4458,upi.com
4459,marinetraffic.com
4460,self.com
4461,nj.gov
4462,preply.com
4463,priceline.com
4464,cnrs.fr
4465,getbeamer.com
4466,vizio.com
4467,mobilityware.com
4468,google.co.ke
4469,google.com.py
4470,br.de
4471,google.com.qa
4472,denverpost.com
4473,kaiserpermanente.org
4474,dhgate.com
4475,adspower.net
4476,homes.com
4477,i-ready.com
4478,yuewen.cn
4479,newgrounds.com
4480,womenshealthmag.com
4481,streamable.com
4482,thunderbird.net
4483,neilpatel.com
4484,iinet.net.au
4485,boutell.com
4486,google.iq
4487,hrblock.com
4488,amazon.nl
4489,tinder.com
4490,sky.it
4491,castbox.fm
4492,ltguevmavv.com
4493,aliexpress.us
4494,playtika.com
4495,ettdnsv.com
4496,wallpapers.com
4497,csmonitor.com
4498,telecomitalia.it
4499,libp2p.direct
4500,nvidiagrid.net
4501,20minutes.fr
4502,techrepublic.com
4503,handelsblatt.com
4504,zdnscloud.cn
4505,admatic.de
4506,zuimeitianqi.com
4507,hosted-by-discourse.com
4508,lastampa.it
4509,wwsga.me
4510,indriverapp.com
4511,softwareadvice.com
4512,tpbid.com
4513,blogspot.ca
4514,zlib.net
4515,qihucdn.com
4516,sndcdn.com
4517,hostingradio.ru
4518,cars.com
4519,filezilla-project.org
4520,ec-lyon.fr
4521,qvc.com
4522,ebaystatic.com
4523,google.com.kh
4524,au.com
4525,withings.net
4526,mail.com
4527,google.com.ni
4528,pavv.co.kr
4529,everydayhealth.com
4530,att-idns.net
4531,softpedia.com
4532,gitv.tv
4533,telegraaf.nl
4534,newsroom.bi
4535,skyscanner.net
4536,deccanherald.com
4537,azcentral.com
4538,sb-cd.com
4539,jcpenney.com
4540,farfetch.com
4541,usmagazine.com
4542,uq.edu.au
4543,gdms.cloud
4544,loggly.com
4545,blackrock.com
4546,app-us1.com
4547,google.ps
4548,casio.com
4549,timesnownews.com
4550,fotor.com
4551,faceit.com
4552,ntp-fireos.com
4553,razerzone.com
4554,google.com.jm
4555,cctld.us
4556,savefrom.net
4557,opensea.io
4558,claude.ai
4559,centurylink.net
4560,kit.com
4561,apple.com.cn
4562,www.gov.pl
4563,startribune.com
4564,dnspod.com
4565,adyen.com
4566,coupangcdn.com
4567,fnac.com
4568,pingdom.net
4569,js7k.com
4570,google.com.kw
4571,rtl.de
4572,verizonwireless.com
4573,cymru.com
4574,bilivideo.com
4575,producthunt.com
4576,gboxlab.com
4577,acorns.com
4578,judge.me
4579,boutell.co.uk
4580,quad9.net
4581,simperium.com
4582,kia.com
4583,etoote.com
4584,auth0app.com
4585,eldiario.es
4586,ubs.com
4587,gfx.ms
4588,farpost.ru
4589,flingo.tv
4590,tf1.fr
4591,kingsgroupgames.com
4592,zappos.com
4593,wampserver.com
4594,blueconic.net
4595,nifty.com
4596,ahajournals.org
4597,rit.edu
4598,siteground.biz
4599,trpcdn.net
4600,adlightning.com
4601,google.com.mm
4602,cisa.gov
4603,vaticannews.va
4604,ilsole24ore.com
4605,google.al
4606,pardot.com
4607,tradingeconomics.com
4608,sydney.edu.au
4609,cityway.fr
4610,ama-assn.org
4611,azure-dns.info
4612,coomer.su
4613,realsimple.com
4614,powerschool.com
4615,google.kg
4616,iqzone.com
4617,principal.com
4618,roche.com
4619,google.tt
4620,douyinpic.com
4621,eia.gov
4622,google.com.bh
4623,consentmanager.net
4624,google.tm
4625,eater.com
4626,reclameaqui.com.br
4627,queniusy.com
4628,bt.net
4629,oppo.com
4630,theepochtimes.com
4631,netis.cc
4632,google.com.cy
4633,guardingvision.com
4634,turnitin.com
4635,justgiving.com
4636,qq.com.cn
4637,bsky.network
4638,freshworks.com
4639,fireoscaptiveportal.com
4640,ebayimg.com
4641,zohopublic.com
4642,omniroot.com
4643,tradedoubler.com
4644,nespresso.com
4645,msdn.com
4646,doxygen.org
4647,pbase.com
4648,oregonlive.com
4649,uservoice.com
4650,wixapps.net
4651,js.org
4652,zee5.com
4653,salesforce-scrt.com
4654,cdn-tinkoff.ru
4655,xiaoyi.com
4656,cargurus.com
4657,arbeitsagentur.de
4658,samsungmax.com
4659,google.vg
4660,groww.in
4661,paycomonline.net
4662,hubspotemail.net
4663,dramaboxdb.com
4664,freep.com
4665,fmb.la
4666,tdatamaster.com
4667,sage.com
4668,verisign.net
4669,awstrack.me
4670,merchant-center-analytics.goog
4671,rocket-cdn-eu.com
4672,in.gov
4673,ebay.com.au
4674,swishapps.ai
4675,siemens.de
4676,getgreenshot.org
4677,mobileiron.com
4678,shaw.ca
4679,southernliving.com
4680,worldtimeserver.com
4681,nationalacademies.org
4682,bplslb.com
4683,dwin1.com
4684,livechat.com
4685,speedtestcustom.com
4686,dartmouth.edu
4687,knowyourmeme.com
4688,blackline.com
4689,eufylife.com
4690,mimecast.net
4691,cribl.cloud
4692,telstra.com
4693,fox.com
4694,bouncex.net
4695,pushd.com
4696,eclipse.org
4697,aa.com.tr
4698,pragmaticplaylive.net
4699,bleacherreport.com
4700,britishcouncil.org
4701,google.co.tz
4702,flurry.com
4703,samsungotn.net
4704,beta-bank.ru
4705,proxmox.com
4706,msn.cn
4707,ctxcdn.com
4708,kxcdn.com
4709,kandji.io
4710,ebay.ca
4711,tmdb.org
4712,cnr.it
4713,wal-mart.com
4714,o2.pl
4715,emarketer.com
4716,activemetering.com
4717,nate.com
4718,svt.se
4719,libpng.org
4720,fujitsu.com
4721,hindawi.com
4722,bvfcdn.com
4723,newsmax.com
4724,blackspider.com
4725,michigan.gov
4726,cnil.fr
4727,mass.gov
4728,lazybumblebee.com
4729,skypeassets.com
4730,ndcpp.com
4731,adapty.io
4732,1e100.net
4733,interactgo.com
4734,nakheelteam.cc
4735,superdnsserver.net
4736,jdcache.com
4737,desmos.com
4738,boeing.com
4739,bds-tlcm-ns-001.gov.bb
4740,monash.edu
4741,harborfreight.com
4742,sharechat.com
4743,dyndns.com
4744,demandware.net
4745,bngf.ru
4746,desync.com
4747,1cbit.ru
4748,hyundai.com
4749,firstvds.ru
4750,monetate.net
4751,bdurl.net
4752,ximalaya.com
4753,swiftycdn.net
4754,linkr.bio
4755,sendgrid.com
4756,inquirer.com
4757,architecturaldigest.com
4758,uw.edu
4759,realestate.com.au
4760,aclu.org
4761,ucsc.edu
4762,wsukwai.com
4763,opera-mini.net
4764,msdmanuals.com
4765,wsimg.com
4766,therealreal.com
4767,enphaseenergy.com
4768,dana.id
4769,mijia.tech
4770,providecommerce.com
4771,e-recht24.de
4772,my-salesforce-community-live-preview.com
4773,bds-tlcm-ns-002.gov.bb
4774,torproject.org
4775,powerplatform.com
4776,gazeta.pl
4777,4.cn
4778,videoamp.com
4779,xda-developers.com
4780,mailgun.net
4781,blackboard.com
4782,ezoicns.com
4783,star4live.com
4784,pbstck.com
4785,algolianet.com
4786,mexc.com
4787,doppiocdn.live
4788,sicredi.com.br
4789,second-ns.com
4790,onef.pro
4791,saucelabs.com
4792,google.md
4793,zscaler.com
4794,scholastic.com
4795,immobilienscout24.de
4796,amplifyapp.com
4797,pointtoserver.com
4798,twingate.com
4799,metal-archives.com
4800,volvocars.com
4801,dev.to
4802,ghost.org
4803,nessus.org
4804,wired.co.uk
4805,hosteurope.de
4806,sputniknews.com
4807,youdao.com
4808,radiopotok.ru
4809,metoffice.gov.uk
4810,mydlink.com
4811,sprinthost.net
4812,fisglobal.com
4813,mipn-solutions.net
4814,optable.co
4815,liveinternet.ru
4816,inss.gov.br
4817,myworkday.com
4818,sfdc.net
4819,ext.ru
4820,minecraft-services.net
4821,queue-it.net
4822,siteforce.com
4823,outboundproxy.com
4824,ctrls.in
4825,ecukwai.com
4826,home.blog
4827,getepic.com
4828,op.gg
4829,rome2rio.com
4830,hyprmx.com
4831,clientgear.com
4832,queniutc.com
4833,srv53.com
4834,edurm.ru
4835,freshchat.com
4836,campaign-archive.com
4837,hardened-php.net
4838,moma.org
4839,rokt.com
4840,tru.am
4841,yandex.kz
4842,memcached.org
4843,webengage.com
4844,channelnewsasia.com
4845,tripledotapi.com
4846,bdstatic.com
4847,nber.org
4848,dtsan.net
4849,mobilegamestats.com
4850,elevenlabs.io
4851,aptoide.com
4852,tbs.co.jp
4853,douyinvod.com
4854,mangadex.org
4855,parents.com
4856,qh-cdn.com
4857,canadiantire.ca
4858,queniuuf.com
4859,honeygain.com
4860,ztomy.com
4861,vivintsky.com
4862,carrd.co
4863,disney-plus.net
4864,diigo.com
4865,google.bs
4866,snowflakecomputing.com
4867,beget.pro
4868,eltiempo.com
4869,emirates.com
4870,mercadopago.com.br
4871,apple.co
4872,tritondigital.com
4873,bitget.com
4874,apartments.com
4875,flysleep.cn
4876,treehugger.com
4877,twc.com
4878,samsung-gamelauncher.com
4879,judns.com
4880,ada.support
4881,gmu.edu
4882,temp-mail.org
4883,bic.tech
4884,nationalarchives.gov.uk
4885,githubcopilot.com
4886,oktacdn.com
4887,ana.co.jp
4888,awin1.com
4889,bangcdn.net
4890,gta5-mods.com
4891,shrm.org
4892,acast.com
4893,cudasvc.com
4894,azurerms.com
4895,lyft.com
4896,petfinder.com
4897,sex.com
4898,tiktokw.us
4899,benzinga.com
4900,honda.com
4901,carnival.com
4902,dsp-redirect.com
4903,vistaprint.com
4904,1337x.to
4905,juntadeandalucia.es
4906,vsassets.io
4907,bible.com
4908,widgetable.net
4909,mca.gov.in
4910,backtrace.io
4911,iso.ch
4912,exitgames.com
4913,pcre.org
4914,jal.co.jp
4915,bcg.com
4916,aruba.it
4917,rae.es
4918,shareasale.com
4919,myworkdayjobs.com
4920,midea.com.cn
4921,gorgias.chat
4922,royalcaribbean.com
4923,gazeta.ru
4924,chime.aws
4925,goethe.de
4926,srf.ch
4927,cdnhwc10.cn
4928,transcend.io
4929,yospace.com
4930,xhpingcdn.com
4931,gitlab.io
4932,coveo.com
4933,virginm.net
4934,bluestacks.com
4935,icons8.com
4936,packagist.org
4937,google.com.om
4938,infoseek.co.jp
4939,cleverwebserver.com
4940,overleaf.com
4941,fitanalytics.com
4942,google.com.af
4943,coupahost.com
4944,chromium.org
4945,samsung-dict.com
4946,emory.edu
4947,nic.ai
4948,appfolio.com
4949,snapfish.com
4950,incognia.com
4951,eagllwin.com
4952,eitaa.com
4953,holahupa.com
4954,trafficjunky.com
4955,sina.cn
4956,r01.ru
4957,pure.cloud
4958,hzmklvdieo.com
4959,ecombdapi.com
4960,uu.nl
4961,mercadopago.com
4962,uky.edu
4963,iseeme.com
4964,radio-canada.ca
4965,elementor.com
4966,nic.de
4967,mediaset.it
4968,swiggy.com
4969,spectraguard.net
4970,spec.org
4971,mycdn.me
4972,ghostery.com
4973,zazzle.com
4974,kucoin.com
4975,l-err.biz
4976,arcpublishing.com
4977,youversionapi.com
4978,transmissionbt.com
4979,yr.no
4980,x1skf.com
4981,eluniversal.com.mx
4982,gzip.org
4983,gitee.com
4984,flixcdn.com
4985,illusionblack.com
4986,dexscreener.com
4987,betano.com
4988,radiofrance.fr
4989,kraken.com
4990,rd.com
4991,directnic.com
4992,c6gj-static.net
4993,zalan.do
4994,theplatform.com
4995,abc.com
4996,hud.gov
4997,gamerant.com
4998,royalmail.com
4999,kobo.com
5000,wanadoo.fr